MESSAGE: No configuration file found, using defaults
[2026-07-05 16:21:32.326] [info] Using configuration file /home/mode/.config/waybar/config
[2026-07-05 16:21:32.612] [info] Using CSS file /home/mode/.config/waybar/style.css
[2026-07-05 16:21:32.624] [warning] Hyprland is not running, Hyprland IPC will not be available.
[2026-07-05 16:21:32.625] [warning] module hyprland/window: Disabling module "hyprland/window", Hyprland IPC: HYPRLAND_INSTANCE_SIGNATURE was not set! (Is Hyprland running?)
Discharging
[2026-07-05 16:21:32.764] [info] Bar configured (width: 1280, height: 21) for output: eDP-1
Opening in existing browser session.
Discharging
Discharging
Discharging
Discharging
Discharging
Discharging
Discharging
Discharging
Discharging
Discharging
Discharging
Discharging
Discharging
Discharging
Discharging
Discharging
Discharging
Discharging
Discharging
Discharging
Discharging
Discharging
Discharging
Discharging
Discharging
Discharging
Discharging
Discharging
Discharging
Discharging
Discharging
Discharging
Discharging
Discharging
Discharging
Discharging
Discharging
Discharging
Discharging
Discharging
Discharging
Discharging
Discharging
Discharging
Discharging
Discharging
Discharging
Discharging
Discharging
Discharging
Discharging
Discharging
Discharging
Discharging
Discharging
Discharging
Discharging
Discharging
Discharging
Discharging
Discharging
Discharging
Discharging
Discharging
Discharging
Discharging
Discharging
Discharging
Discharging
Discharging
Discharging
Discharging
Discharging
Discharging
Discharging
Discharging
Discharging
Discharging
Discharging
Discharging
Discharging
Discharging
Discharging
Discharging
Discharging
Discharging
Discharging
Discharging
Discharging
Discharging
Discharging
Discharging
Discharging
Discharging
Discharging
Discharging
Discharging
Discharging
Discharging
Discharging
Discharging
Discharging
Discharging
Discharging
Discharging
Discharging
Discharging
Discharging
Discharging
Discharging
Discharging
Discharging
Discharging
Discharging
Discharging
Discharging
Discharging
Discharging
Discharging
Discharging
Discharging
Discharging
Discharging
Discharging
Discharging
Discharging
Discharging
Discharging
Discharging
Discharging
Discharging
Discharging
Discharging
Discharging
Discharging
Discharging
Discharging
Discharging
Discharging
Discharging
Discharging
Discharging
Discharging
Discharging
Discharging
Discharging
Discharging
Discharging
Discharging
Discharging
Discharging
Discharging
Discharging
Discharging
Discharging
Discharging
Discharging
Discharging
Discharging
Discharging
Discharging
Discharging
Discharging
Discharging
Discharging
Discharging
Discharging
Discharging
Discharging
Discharging
Discharging
Discharging
Discharging
Discharging
Discharging
Discharging
Discharging
Discharging
Discharging
Discharging
Discharging
Discharging
Discharging
Discharging
Discharging
Discharging
Discharging
Discharging
Discharging
Discharging
Discharging
Discharging
Discharging
Discharging
Discharging
Discharging
Discharging
Discharging
Discharging
Discharging
Discharging
Discharging
Discharging
Discharging
Discharging
Discharging
Discharging
Discharging
Discharging
Discharging
Discharging
Discharging
Discharging
Discharging
Discharging
Discharging
Discharging
Discharging
Discharging
Discharging
Discharging
Discharging
Discharging
Discharging
Discharging
Discharging
Discharging
Discharging
Discharging
Discharging
Discharging
Discharging
Discharging
Discharging
Discharging
Discharging
Discharging
Discharging
Discharging
Discharging
Discharging
Discharging
Discharging
Discharging
Discharging
Discharging
Discharging
Discharging
Discharging
Discharging
Discharging
Discharging
Discharging
Discharging
Discharging
Discharging
Discharging
Discharging
Discharging
Discharging
Discharging
Discharging
Discharging
Discharging
Discharging
Discharging
Discharging
Discharging
Discharging
Discharging
Discharging
Discharging
Discharging
Discharging
Discharging
Discharging
Discharging
Discharging
Discharging
Discharging
Discharging
Discharging
Discharging
Discharging
Discharging
Discharging
Discharging
Discharging
Discharging
Discharging
Discharging
Discharging
Discharging
Discharging
Discharging
Discharging
Discharging
Discharging
Discharging
Discharging
Discharging
Discharging
Discharging
Discharging
Discharging
Discharging
Discharging
Discharging
Discharging
Discharging
Discharging
Discharging
Discharging
Discharging
Discharging
Discharging
Discharging
Discharging
Discharging
Discharging
Discharging
Discharging
Discharging
Discharging
Discharging
Discharging
Discharging
Discharging
Discharging
Discharging
Discharging
Discharging
Discharging
Discharging
Discharging
Discharging
Discharging
Discharging
Discharging
Discharging
Discharging
Discharging
Discharging
Discharging
Discharging
Discharging
Discharging
Discharging
Discharging
Discharging
Discharging
Discharging
Discharging
Discharging
Discharging
Discharging
Discharging
Discharging
Discharging
Discharging
Discharging
Discharging
Discharging
Discharging
Discharging
Discharging
Discharging
Discharging
Discharging
Discharging
Discharging
Discharging
Discharging
Discharging
Discharging
Discharging
Discharging
Discharging
Discharging
Discharging
Discharging
Discharging
Discharging
Discharging
Discharging
Discharging
Discharging
Discharging
Discharging
Discharging
Discharging
Discharging
Discharging
Discharging
Discharging
Discharging
Discharging
Discharging
Discharging
Discharging
Discharging
Discharging
Discharging
Discharging
Discharging
Discharging
Discharging
Discharging
Discharging
Discharging
Discharging
Discharging
Discharging
Discharging
Discharging
Discharging
Discharging
Discharging
Discharging
Discharging
Discharging
Discharging
Discharging
Discharging
Discharging
Discharging
Discharging
Discharging
Discharging
Discharging
Discharging
Discharging
Discharging
Discharging
Discharging
Discharging
Discharging
Discharging
Discharging
Discharging
Discharging
Discharging
Discharging
Discharging
Discharging
Discharging
Discharging
Discharging
Discharging
Discharging
Discharging
Discharging
Discharging
Discharging
Discharging
Discharging
Discharging
Discharging
Discharging
Discharging
Discharging
Discharging
Discharging
Discharging
Discharging
Discharging
Discharging
Discharging
Discharging
Discharging
Discharging
Discharging
Discharging
Discharging
Discharging
Discharging
Discharging
Discharging
Discharging
Discharging
Discharging
Discharging
Discharging
Discharging
Discharging
Discharging
Discharging
Discharging
Discharging
Discharging
Discharging
Discharging
Discharging
Discharging
Discharging
Discharging
Discharging
Discharging
Discharging
Discharging
Discharging
Discharging
Discharging
Discharging
Discharging
Discharging
Discharging
Discharging
Discharging
Discharging
Discharging
Discharging
Discharging
Discharging
Discharging
Discharging
Discharging
Discharging
Discharging
Discharging
Discharging
Discharging
Discharging
Discharging
Discharging
Discharging
Discharging
Discharging
Discharging
Discharging
Discharging
Discharging
Discharging
Discharging
Discharging
Discharging
Discharging
Discharging
Discharging
Discharging
Discharging
Discharging
Discharging
Discharging
Discharging
Discharging
Discharging
Discharging
Discharging
Discharging
Discharging
Discharging
Discharging
Discharging
Discharging
Discharging
Discharging
Discharging
Discharging
Discharging
Discharging
Discharging
Discharging
Discharging
Discharging
Discharging
Discharging
Discharging
Discharging
Discharging
Discharging
Discharging
Discharging
Discharging
Discharging
Discharging
Discharging
Discharging
Discharging
Discharging
Discharging
Discharging
Discharging
Discharging
Discharging
Discharging
Discharging
Discharging
Discharging
Discharging
Discharging
Discharging
Discharging
Discharging
Discharging
Discharging
Discharging
Discharging
Discharging
Discharging
Discharging
Discharging
Discharging
Discharging
Discharging
Discharging
Discharging
Discharging
Discharging
Discharging
Discharging
Discharging
Discharging
Discharging
Discharging
Discharging
Discharging
Discharging
Discharging
Discharging
Discharging
Discharging
Discharging
Discharging
Discharging
Discharging
Discharging
Discharging
Discharging
Discharging
Discharging
Discharging
Discharging
Discharging
Discharging
Discharging
Discharging
Discharging
Discharging
Discharging
Discharging
Discharging
Discharging
Discharging
Discharging
Discharging
Discharging
Discharging
Discharging
Discharging
Discharging
Discharging
Discharging
Discharging
Discharging
Discharging
Discharging
Discharging
Discharging
Discharging
Discharging
Discharging
Discharging
Discharging
Discharging
Discharging
Discharging
Discharging
Discharging
Discharging
Discharging
Discharging
Discharging
Discharging
Discharging
Discharging
Discharging
Discharging
Discharging
Discharging
Discharging
Discharging
Discharging
Discharging
Discharging
Discharging
Discharging
Discharging
Discharging
Discharging
Discharging
Discharging
Discharging
Discharging
Discharging
Discharging
Discharging
Discharging
Discharging
Discharging
Discharging
Discharging
Discharging
Discharging
Discharging
Discharging
Discharging
Discharging
Discharging
Discharging
Discharging
Discharging
Discharging
Discharging
Discharging
Discharging
Discharging
Discharging
Discharging
Discharging
Discharging
Discharging
Discharging
Discharging
Discharging
Discharging
Discharging
Discharging
Discharging
Discharging
Discharging
Discharging
Discharging
Discharging
Discharging
Discharging
Discharging
Discharging
Discharging
Discharging
Discharging
Discharging
Discharging
Discharging
Discharging
Discharging
Discharging
Discharging
Discharging
Discharging
Discharging
Discharging
Discharging
Discharging
Discharging
Discharging
Discharging
Discharging
Discharging
Discharging
Discharging
Discharging
Discharging
Discharging
Discharging
Discharging
Discharging
Discharging
Discharging
Discharging
Discharging
Discharging
Discharging
Discharging
Discharging
Discharging
Discharging
Discharging
Discharging
Discharging
Discharging
Discharging
Discharging
Discharging
Discharging
Discharging
Discharging
Discharging
Discharging
Discharging
Discharging
Discharging
Discharging
Discharging
Discharging
Discharging
Discharging
Discharging
Discharging
Discharging
Discharging
Discharging
Discharging
Discharging
Discharging
Discharging
Discharging
Discharging
Discharging
Discharging
Discharging
Discharging
Discharging
Discharging
Discharging
Discharging
Discharging
Discharging
Discharging
Discharging
Discharging
Discharging
Discharging
Discharging
Discharging
Discharging
Discharging
Discharging
Discharging
Discharging
Discharging
Discharging
Discharging
Discharging
Discharging
Discharging
Discharging
Discharging
Discharging
Discharging
Discharging
Discharging
Discharging
Discharging
Discharging
Discharging
Discharging
Discharging
Discharging
Discharging
Discharging
Discharging
Discharging
Discharging
Discharging
Discharging
Discharging
Discharging
Discharging
Discharging
Discharging
Discharging
Discharging
Discharging
Discharging
Discharging
Discharging
Discharging
Discharging
Discharging
Discharging
Discharging
Discharging
Discharging
Discharging
Discharging
Discharging
Discharging
Discharging
Discharging
Discharging
Discharging
Discharging
Discharging
Discharging
Discharging
Discharging
Discharging
Discharging
Discharging
Discharging
Discharging
Discharging
Discharging
Discharging
Discharging
Discharging
Discharging
Discharging
Discharging
Discharging
Discharging
Discharging
Discharging
Discharging
Discharging
Discharging
Discharging
Discharging
Discharging
Discharging
Discharging
Discharging
Discharging
Discharging
Discharging
Discharging
Discharging
Discharging
Discharging
Discharging
Discharging
Discharging
Discharging
Discharging
Discharging
Discharging
Discharging
Discharging
Discharging
Discharging
Discharging
Discharging
Discharging
Discharging
Discharging
Discharging
Discharging
Discharging
Discharging
Discharging
Discharging
Discharging
Discharging
Discharging
Discharging
Discharging
Discharging
Discharging
Discharging
Discharging
Discharging
Discharging
Discharging
Discharging
Discharging
Discharging
Discharging
Discharging
Discharging
Discharging
Discharging
Discharging
Discharging
Discharging
Discharging
Discharging
Discharging
Discharging
Discharging
Discharging
Discharging
Discharging
Discharging
Discharging
Discharging
Discharging
Discharging
Discharging
Discharging
Discharging
Discharging
Discharging
Discharging
Discharging
Discharging
Discharging
Discharging
Discharging
Discharging
Discharging
Discharging
Discharging
Discharging
Discharging
Discharging
Discharging
Discharging
Discharging
Discharging
Discharging
Discharging
Discharging
Discharging
Discharging
Discharging
Discharging
Discharging
Discharging
Discharging
Discharging
Discharging
Discharging
Discharging
Discharging
Discharging
Discharging
Discharging
Discharging
Discharging
Discharging
Discharging
Discharging
Discharging
Discharging
Discharging
Discharging
Discharging
Discharging
Discharging
Discharging
Discharging
Discharging
Discharging
Discharging
Discharging
Discharging
Discharging
Discharging
Discharging
Discharging
Discharging
Discharging
Discharging
Discharging
Discharging
Discharging
Discharging
Discharging
Discharging
Discharging
Discharging
Discharging
Discharging
Discharging
Discharging
Discharging
Discharging
Discharging
Discharging
Discharging
Discharging
Discharging
Discharging
Discharging
Discharging
Discharging
Discharging
Discharging
Discharging
Discharging
Discharging
Discharging
Discharging
Discharging
Discharging
Discharging
Discharging
Discharging
Discharging
Discharging
Discharging
Discharging
Discharging
Discharging
Discharging
Discharging
Discharging
Discharging
Discharging
Discharging
Discharging
Discharging
Discharging
Discharging
Discharging
Discharging
Discharging
Discharging
Discharging
Discharging
Discharging
Discharging
Discharging
Discharging
Discharging
Discharging
Discharging
Discharging
Discharging
Discharging
Discharging
Discharging
Discharging
Discharging
Discharging
Discharging
Discharging
Discharging
Discharging
Discharging
Discharging
Discharging
Discharging
Discharging
Discharging
Discharging
Discharging
Discharging
Discharging
Discharging
Discharging
Discharging
Discharging
Discharging
Discharging
Discharging
Discharging
Discharging
Discharging
Discharging
Discharging
Discharging
Discharging
Discharging
Discharging
Discharging
Discharging
Discharging
Discharging
Discharging
Discharging
Discharging
Discharging
Discharging
Discharging
Discharging
Discharging
Discharging
Discharging
Discharging
Discharging
Discharging
Discharging
Discharging
Discharging
Discharging
Discharging
Discharging
Discharging
Discharging
Discharging
Discharging
Discharging
Discharging
Discharging
Discharging
Discharging
Discharging
Discharging
Discharging
Discharging
Discharging
Discharging
Discharging
Discharging
Discharging
Discharging
Discharging
Discharging
Discharging
Discharging
Discharging
Discharging
Discharging
Discharging
Discharging
Discharging
Discharging
Discharging
Discharging
Discharging
Discharging
Discharging
Discharging
Discharging
Discharging
Discharging
Discharging
Discharging
Discharging
Discharging
Discharging
Discharging
Discharging
Discharging
Discharging
Discharging
Discharging
Discharging
Discharging
Discharging
Discharging
Discharging
Discharging
Discharging
Discharging
Discharging
Discharging
Discharging
Discharging
Discharging
Discharging
Discharging
Discharging
Discharging
Discharging
Discharging
Discharging
Discharging
Discharging
Discharging
Discharging
Discharging
Discharging
Discharging
Discharging
Discharging
Discharging
Discharging
Discharging
Discharging
Discharging
Discharging
Discharging
Discharging
Discharging
Discharging
Discharging
Discharging
Discharging
Discharging
Discharging
Discharging
Discharging
Discharging
Discharging
Discharging
Discharging
Discharging
Discharging
Discharging
Discharging
Discharging
Discharging
Discharging
Discharging
Discharging
Discharging
Discharging
Discharging
Discharging
Discharging
Discharging
Discharging
Discharging
Discharging
Discharging
Discharging
Discharging
Discharging
Discharging
Discharging
Discharging
Discharging
Discharging
Discharging
Discharging
Discharging
Discharging
Discharging
Discharging
Discharging
Discharging
Discharging
Discharging
Discharging
Discharging
Discharging
Discharging
Discharging
Discharging
Discharging
Discharging
Discharging
Discharging
Discharging
Discharging
Discharging
Discharging
Discharging
Discharging
Discharging
Discharging
Discharging
Discharging
Discharging
Discharging
Discharging
Discharging
Discharging
Discharging
Discharging
Discharging
Discharging
Discharging
Discharging
Discharging
Discharging
Discharging
Discharging
Discharging
Discharging
Discharging
Discharging
Discharging
Discharging
Discharging
Discharging
Discharging
Discharging
Discharging
Discharging
Discharging
Discharging
Discharging
Discharging
Discharging
Discharging
Discharging
Discharging
Discharging
Discharging
Discharging
Discharging
Discharging
Discharging
Discharging
Discharging
Discharging
Discharging
Discharging
Discharging
Discharging
Discharging
Discharging
Discharging
Discharging
Discharging
Discharging
Discharging
Discharging
Discharging
Discharging
Discharging
Discharging
Discharging
Discharging
Discharging
Discharging
Discharging
Discharging
Discharging
Discharging
Discharging
Discharging
Discharging
Discharging
Discharging
Discharging
Discharging
Discharging
Discharging
Discharging
Discharging
Discharging
Discharging
Discharging
Discharging
Discharging
Discharging
Discharging
Discharging
Discharging
Discharging
Discharging
Discharging
Discharging
Discharging
Discharging
Discharging
Discharging
Discharging
Discharging
Discharging
Discharging
Discharging
Discharging
Discharging
Discharging
Discharging
Discharging
Discharging
Discharging
Discharging
Discharging
Discharging
Discharging
Discharging
Discharging
Discharging
Discharging
Discharging
Discharging
Discharging
Discharging
Discharging
Discharging
Discharging
Discharging
Discharging
Discharging
Discharging
Discharging
Discharging
Discharging
Discharging
Discharging
Discharging
Discharging
Discharging
Discharging
Discharging
Discharging
Discharging
Discharging
Discharging
Discharging
Discharging
Discharging
Discharging
Discharging
Discharging
Discharging
Discharging
Discharging
Discharging
Discharging
Discharging
Discharging
Discharging
Discharging
Discharging
Discharging
Discharging
Discharging
Discharging
Discharging
Discharging
Discharging
Discharging
Discharging
Discharging
Discharging
Discharging
Discharging
Discharging
Discharging
Discharging
Discharging
Discharging
Discharging
Discharging
Discharging
Discharging
Discharging
Discharging
Discharging
Discharging
Discharging
Discharging
Discharging
Discharging
Discharging
Discharging
Discharging
Discharging
Discharging
Discharging
Discharging
Discharging
Discharging
Discharging
Discharging
Discharging
Discharging
Discharging
Discharging
Discharging
Discharging
Discharging
Discharging
Discharging
Discharging
Discharging
Discharging
Discharging
Discharging
Discharging
Discharging
Discharging
Discharging
Discharging
Discharging
Discharging
Discharging
Discharging
Discharging
Discharging
Discharging
Discharging
Discharging
Discharging
Discharging
Discharging
Discharging
Discharging
Discharging
Discharging
Discharging
Discharging
Discharging
Discharging
Discharging
Discharging
Discharging
Discharging
Discharging
Discharging
Discharging
Discharging
Discharging
Discharging
Discharging
Discharging
Discharging
Discharging
Discharging
Discharging
Discharging
Discharging
Discharging
Discharging
Discharging
Discharging
Discharging
Discharging
Discharging
Discharging
Discharging
Discharging
Discharging
Discharging
Discharging
Discharging
Discharging
Discharging
Discharging
Discharging
Discharging
Discharging
Discharging
Discharging
Discharging
Discharging
Discharging
Discharging
Discharging
Discharging
Discharging
Discharging
Discharging
Discharging
Discharging
Discharging
Discharging
Discharging
Discharging
Discharging
Discharging
Discharging
Discharging
Discharging
Discharging
Discharging
Discharging
Discharging
Discharging
Discharging
Discharging
Discharging
Discharging
Discharging
Discharging
Discharging
Discharging
Discharging
Discharging
Discharging
Discharging
Discharging
Discharging
Discharging
Discharging
Discharging
Discharging
Discharging
Discharging
Discharging
Discharging
Discharging
Discharging
Discharging
Discharging
Discharging
Discharging
Discharging
Discharging
Discharging
Discharging
Discharging
Discharging
Discharging
Discharging
Discharging
Discharging
Discharging
Discharging
Discharging
Discharging
Discharging
Discharging
Discharging
Discharging
Discharging
Discharging
Discharging
Discharging
Discharging
Discharging
Discharging
Discharging
Discharging
Discharging
Discharging
Discharging
Discharging
Discharging
Discharging
Discharging
Discharging
Discharging
Discharging
Discharging
Discharging
Discharging
Discharging
Discharging
Discharging
Discharging
Discharging
Discharging
Discharging
Discharging
Discharging
Discharging
Discharging
Discharging
Discharging
Discharging
Discharging
Discharging
Discharging
Discharging
Discharging
Discharging
Discharging
Discharging
Discharging
Discharging
Discharging
Discharging
Discharging
Discharging
Discharging
Discharging
Discharging
Discharging
Discharging
Discharging
Discharging
Discharging
Discharging
Discharging
Discharging
Discharging
Discharging
Discharging
Discharging
Discharging
Discharging
Discharging
Discharging
Discharging
Discharging
Discharging
Discharging
Discharging
Discharging
Discharging
Discharging
Discharging
Discharging
Discharging
Discharging
Discharging
Discharging
Discharging
Discharging
Discharging
Discharging
Discharging
Discharging
Discharging
Discharging
Discharging
Discharging
Discharging
Discharging
Discharging
Discharging
Discharging
Discharging
Discharging
Discharging
Discharging
Discharging
Discharging
Discharging
Discharging
Discharging
Discharging
Discharging
Discharging
Discharging
Discharging
Discharging
Discharging
Discharging
Discharging
Discharging
Discharging
Discharging
Discharging
Discharging
Discharging
Discharging
Discharging
Discharging
Discharging
Discharging
Discharging
Discharging
Discharging
Discharging
Discharging
Discharging
Discharging
Discharging
Discharging
Discharging
Discharging
Discharging
Discharging
Discharging
Discharging
Discharging
Discharging
Discharging
Discharging
Discharging
Discharging
Discharging
Discharging
Discharging
Discharging
Discharging
Discharging
Discharging
Discharging
Discharging
Discharging
Discharging
Discharging
Discharging
Discharging
Discharging
Discharging
Discharging
Discharging
Discharging
Discharging
Discharging
Discharging
Discharging
Discharging
Discharging
Discharging
Discharging
Discharging
Discharging
Discharging
Discharging
Discharging
Discharging
Discharging
Discharging
Discharging
Discharging
Discharging
Discharging
Discharging
Discharging
Discharging
Discharging
Discharging
Discharging
Discharging
Discharging
Discharging
Discharging
Discharging
Discharging
Discharging
Discharging
Discharging
Discharging
Discharging
Discharging
Discharging
Discharging
Discharging
Discharging
Discharging
Discharging
Discharging
Discharging
Discharging
Discharging
Discharging
Discharging
Discharging
Discharging
Discharging
Discharging
Discharging
Discharging
Discharging
Discharging
Discharging
Discharging
Discharging
Discharging
Discharging
Discharging
Discharging
Discharging
Discharging
Discharging
Discharging
Discharging
Discharging
Discharging
Discharging
Discharging
Discharging
Discharging
Discharging
Discharging
Discharging
Discharging
Discharging
Discharging
Discharging
Discharging
Discharging
Discharging
Discharging
Discharging
Discharging
Discharging
Discharging
Discharging
Discharging
Discharging
Discharging
Discharging
Discharging
Discharging
Discharging
Discharging
Discharging
Discharging
Discharging
Discharging
Discharging
Discharging
Discharging
Discharging
Discharging
Discharging
Discharging
Discharging
Discharging
Discharging
Discharging
Discharging
Discharging
Discharging
Discharging
Discharging
Discharging
Discharging
Discharging
Discharging
Discharging
Discharging
Discharging
Discharging
Discharging
Discharging
Discharging
Discharging
Discharging
Discharging
Discharging
Discharging
Discharging
Discharging
Discharging
Discharging
Discharging
Discharging
Discharging
Discharging
Discharging
Discharging
Discharging
Discharging
Discharging
Discharging
Discharging
Discharging
Discharging
Discharging
Discharging
Discharging
Discharging
Discharging
Discharging
Discharging
Discharging
Discharging
Discharging
Discharging
Discharging
Discharging
Discharging
Discharging
Discharging
Discharging
Discharging
Discharging
Discharging
Discharging
Discharging
Discharging
Discharging
Discharging
Discharging
Discharging
Discharging
Discharging
Discharging
Discharging
Discharging
Discharging
Discharging
Discharging
Discharging
Discharging
Discharging
Discharging
Discharging
Discharging
Discharging
Discharging
Discharging
Discharging
Discharging
Discharging
Discharging
Discharging
Discharging
Discharging
Discharging
Discharging
Discharging
Discharging
Discharging
Discharging
Discharging
Discharging
Discharging
Discharging
Discharging
Discharging
Discharging
Discharging
Discharging
Discharging
Discharging
Discharging
Discharging
Discharging
Discharging
Discharging
Discharging
Discharging
Discharging
Discharging
Discharging
Discharging
Discharging
Discharging
Discharging
Discharging
Discharging
Discharging
Discharging
Discharging
Discharging
Discharging
Discharging
Discharging
Discharging
Discharging
Discharging
Discharging
Discharging
Discharging
Discharging
Discharging
Discharging
Discharging
Discharging
Discharging
Discharging
Discharging
Discharging
Discharging
Discharging
Discharging
Discharging
Discharging
Discharging
Discharging
Discharging
Discharging
Discharging
Discharging
Discharging
Discharging
Discharging
Discharging
Discharging
Discharging
Discharging
Discharging
Discharging
Discharging
Discharging
Discharging
Discharging
Discharging
Discharging
Discharging
Discharging
Discharging
Discharging
Discharging
Discharging
Discharging
Discharging
Discharging
Discharging
Discharging
Discharging
Discharging
Discharging
Discharging
Discharging
Discharging
Discharging
Discharging
Discharging
Discharging
Discharging
Discharging
Discharging
Discharging
Discharging
Discharging
Discharging
Discharging
Discharging
Discharging
Discharging
Discharging
Discharging
Discharging
Discharging
Discharging
Discharging
Discharging
Discharging
Discharging
Discharging
Discharging
Discharging
Discharging
Discharging
Discharging
Discharging
Discharging
Discharging
Discharging
Discharging
Discharging
Discharging
Discharging
Discharging
Discharging
Discharging
Discharging
Discharging
Discharging
Discharging
Discharging
Discharging
Discharging
Discharging
Discharging
Discharging
Discharging
Discharging
Discharging
Discharging
Discharging
Discharging
Discharging
Discharging
Discharging
Discharging
Discharging
Discharging
Discharging
Discharging
Discharging
Discharging
Discharging
Discharging
Discharging
Discharging
Discharging
Discharging
Discharging
Discharging
Discharging
Discharging
Discharging
Discharging
Discharging
Discharging
Discharging
Discharging
Discharging
Discharging
Discharging
Discharging
Discharging
Discharging
Discharging
Discharging
Discharging
Discharging
Discharging
Discharging
Discharging
Discharging
Discharging
Discharging
Discharging
Discharging
Discharging
Discharging
Discharging
Discharging
Discharging
Discharging
Discharging
Discharging
Discharging
Discharging
Discharging
Discharging
Discharging
Discharging
Discharging
Discharging
Discharging
Discharging
Discharging
Discharging
Discharging
Discharging
Discharging
Discharging
Discharging
Discharging
Discharging
Discharging
Discharging
Discharging
Discharging
Discharging
Discharging
Discharging
Discharging
Discharging
Discharging
Discharging
Discharging
Discharging
Discharging
Discharging
Discharging
Discharging
Discharging
Discharging
Discharging
Discharging
Discharging
Discharging
Discharging
Discharging
Discharging
Discharging
Discharging
Discharging
Discharging
Discharging
Discharging
Discharging
Discharging
Discharging
Discharging
Discharging
Discharging
Discharging
Discharging
Discharging
Discharging
Discharging
Discharging
Discharging
Discharging
Discharging
Discharging
Discharging
Discharging
Discharging
Discharging
Discharging
Discharging
Discharging
Discharging
Discharging
Discharging
Discharging
Discharging
Discharging
Discharging
Discharging
Discharging
Discharging
Discharging
Discharging
Discharging
Discharging
Discharging
Discharging
Discharging
Discharging
Discharging
Discharging
Discharging
Discharging
Discharging
Discharging
Discharging
Discharging
Discharging
Discharging
Discharging
Discharging
Discharging
Discharging
Discharging
Discharging
Discharging
Discharging
Discharging
Discharging
Discharging
Discharging
Discharging
Discharging
Discharging
Discharging
Discharging
Discharging
Discharging
Discharging
Discharging
Discharging
Discharging
Discharging
Discharging
Discharging
Discharging
Discharging
Discharging
Discharging
Discharging
Discharging
Discharging
Discharging
Discharging
Discharging
Discharging
Discharging
Discharging
Discharging
Discharging
Discharging
Discharging
Discharging
Discharging
Discharging
Discharging
Discharging
Discharging
Discharging
Discharging
Discharging
Discharging
Discharging
Discharging
Discharging
Discharging
Discharging
Discharging
Discharging
Discharging
Discharging
Discharging
Discharging
Discharging
Discharging
Discharging
Discharging
Discharging
Discharging
Discharging
Discharging
Discharging
Discharging
Discharging
Discharging
Discharging
Discharging
Discharging
Discharging
Discharging
Discharging
Discharging
Discharging
Discharging
Discharging
Discharging
Discharging
Discharging
Discharging
Discharging
Discharging
Discharging
Discharging
Discharging
Discharging
Discharging
Discharging
Discharging
Discharging
Discharging
Discharging
Discharging
Discharging
Discharging
Discharging
Discharging
Discharging
Discharging
Discharging
Discharging
Discharging
Discharging
Discharging
Discharging
Discharging
Discharging
Discharging
Discharging
Discharging
Discharging
Discharging
Discharging
Discharging
Discharging
Discharging
Discharging
Discharging
Discharging
Discharging
Discharging
Discharging
Discharging
Discharging
Discharging
Discharging
Discharging
Discharging
Discharging
Discharging
Discharging
Discharging
Discharging
Discharging
Discharging
Discharging
Discharging
Discharging
Discharging
Discharging
Discharging
Discharging
Discharging
Discharging
Discharging
Discharging
Discharging
Discharging
Discharging
Discharging
Discharging
Discharging
Discharging
Discharging
Discharging
Discharging
Discharging
Discharging
Discharging
Discharging
Discharging
Discharging
Discharging
Discharging
Discharging
Discharging
Discharging
Discharging
Discharging
Discharging
Discharging
Discharging
Discharging
Discharging
Discharging
Discharging
Discharging
Discharging
Discharging
Discharging
Discharging
Discharging
Discharging
Discharging
Discharging
Discharging
Discharging
Discharging
Discharging
Discharging
Discharging
Discharging
Discharging
Discharging
Discharging
Discharging
Discharging
Discharging
Discharging
Discharging
Discharging
Discharging
Discharging
Discharging
Discharging
Discharging
Discharging
Discharging
Discharging
Discharging
Discharging
Discharging
Discharging
Discharging
Discharging
Discharging
Discharging
Discharging
Discharging
Discharging
Discharging
Discharging
Discharging
Discharging
Discharging
Discharging
Discharging
Discharging
Discharging
Discharging
Discharging
Discharging
Discharging
Discharging
Discharging
Discharging
Discharging
Discharging
Discharging
Discharging
Discharging
Discharging
Discharging
Discharging
Discharging
Discharging
Discharging
Discharging
Discharging
Discharging
Discharging
Discharging
Discharging
Discharging
Discharging
Discharging
Discharging
Discharging
Discharging
Discharging
Discharging
Discharging
Discharging
Discharging
Discharging
Discharging
Discharging
Discharging
Discharging
Discharging
Discharging
Discharging
Discharging
Discharging
Discharging
Discharging
Discharging
Discharging
Discharging
Discharging
Discharging
Discharging
Discharging
Discharging
Discharging
Discharging
Discharging
Discharging
Discharging
Discharging
Discharging
Discharging
Discharging
Discharging
Discharging
Discharging
Discharging
Discharging
Discharging
Discharging
Discharging
Discharging
Discharging
Discharging
Discharging
Discharging
Discharging
Discharging
Discharging
Discharging
Discharging
Discharging
Discharging
Discharging
Discharging
Discharging
Discharging
Discharging
Discharging
Discharging
Discharging
Discharging
Discharging
Discharging
Discharging
Discharging
Discharging
Discharging
Discharging
Discharging
Discharging
Discharging
Discharging
Discharging
Discharging
Discharging
Discharging
Discharging
Discharging
Discharging
Discharging
Discharging
Discharging
Discharging
Discharging
Discharging
Discharging
Discharging
Discharging
Discharging
Discharging
Discharging
Discharging
Discharging
Discharging
Discharging
Discharging
Discharging
Discharging
Discharging
Discharging
Discharging
Discharging
Discharging
Discharging
Discharging
Discharging
Discharging
Discharging
Discharging
Discharging
Discharging
Discharging
Discharging
Discharging
Discharging
Discharging
Discharging
Discharging
Discharging
Discharging
Discharging
Discharging
Discharging
Discharging
Discharging
Discharging
Discharging
Discharging
Discharging
Discharging
Discharging
Discharging
Discharging
Discharging
Discharging
Discharging
Discharging
Discharging
Discharging
Discharging
Discharging
Discharging
Discharging
Discharging
Discharging
Discharging
Discharging
Discharging
Discharging
Discharging
Discharging
Discharging
Discharging
Discharging
Discharging
Discharging
Discharging
Discharging
Discharging
Discharging
Discharging
Discharging
Discharging
Discharging
Discharging
Discharging
Discharging
Discharging
Discharging
Discharging
Discharging
Discharging
Discharging
Discharging
Discharging
Discharging
Discharging
Discharging
Discharging
Discharging
Discharging
Discharging
Discharging
Discharging
Discharging
Discharging
Discharging
Discharging
Discharging
Discharging
Discharging
Discharging
Discharging
Discharging
Discharging
Discharging
Discharging
Discharging
Discharging
Discharging
Discharging
Discharging
Discharging
Discharging
Discharging
Discharging
Discharging
Discharging
Discharging
Discharging
Discharging
Discharging
Discharging
Discharging
Discharging
Discharging
Discharging
Discharging
Discharging
Discharging
Discharging
Discharging
Discharging
Discharging
Discharging
Discharging
Discharging
Discharging
Discharging
Discharging
Discharging
Discharging
Discharging
Discharging
Discharging
Discharging
Discharging
Discharging
Discharging
Discharging
Discharging
Discharging
Discharging
Discharging
Discharging
Discharging
Discharging
Discharging
Discharging
Discharging
Discharging
Discharging
Discharging
Discharging
Discharging
Discharging
Discharging
Discharging
Discharging
Discharging
Discharging
Discharging
Discharging
Discharging
Discharging
Discharging
Discharging
Discharging
Discharging
Discharging
Discharging
Discharging
Discharging
Discharging
Discharging
Discharging
Discharging
Discharging
Discharging
Discharging
Discharging
Discharging
Discharging
Discharging
Discharging
Discharging
Discharging
Discharging
Discharging
Discharging
Discharging
Discharging
Discharging
Discharging
Discharging
Discharging
Discharging
Discharging
Discharging
Discharging
Discharging
Discharging
Discharging
Discharging
Discharging
Discharging
Discharging
Discharging
Discharging
Discharging
Discharging
Discharging
Discharging
Discharging
Discharging
Discharging
Discharging
Discharging
Discharging
Discharging
Discharging
Discharging
Discharging
Discharging
Discharging
Discharging
Discharging
Discharging
Discharging
Discharging
Discharging
Discharging
Discharging
Discharging
Discharging
Discharging
Discharging
Discharging
Discharging
Discharging
Discharging
Discharging
Discharging
Discharging
Discharging
Discharging
Discharging
Discharging
Discharging
Discharging
Discharging
Discharging
Discharging
Discharging
Discharging
Discharging
Discharging
Discharging
Discharging
Discharging
Discharging
Discharging
Discharging
Discharging
Discharging
Discharging
Discharging
Discharging
Discharging
Discharging
Discharging
Discharging
Discharging
Discharging
Discharging
Discharging
Discharging
Discharging
Discharging
Discharging
Discharging
Discharging
Discharging
Discharging
Discharging
Discharging
Discharging
Discharging
Discharging
Discharging
Discharging
Discharging
Discharging
Discharging
Discharging
Discharging
Discharging
Discharging
Discharging
Discharging
Discharging
Discharging
Discharging
Discharging
Discharging
Discharging
Discharging
Discharging
Discharging
Discharging
Discharging
Discharging
Discharging
Discharging
Discharging
Discharging
Discharging
Discharging
Discharging
Discharging
Discharging
Discharging
Discharging
Discharging
Discharging
Discharging
Discharging
Discharging
Discharging
Discharging
Discharging
Discharging
Discharging
Discharging
Discharging
Discharging
Discharging
Discharging
Discharging
Discharging
Discharging
Discharging
Discharging
Discharging
Discharging
Discharging
Discharging
Discharging
Discharging
Discharging
Discharging
Discharging
Discharging
Discharging
Discharging
Discharging
Discharging
Discharging
Discharging
Discharging
Discharging
Discharging
Discharging
Discharging
Discharging
Discharging
Discharging
Discharging
Discharging
Discharging
Discharging
Discharging
Discharging
Discharging
Discharging
Discharging
Discharging
Discharging
Discharging
Discharging
Discharging
Discharging
Discharging
Discharging
Discharging
Discharging
Discharging
Discharging
Discharging
Discharging
Discharging
Discharging
Discharging
Discharging
Discharging
Discharging
Discharging
Discharging
Discharging
Discharging
Discharging
Discharging
Discharging
Discharging
Discharging
Discharging
Discharging
Discharging
Discharging
Discharging
Discharging
Discharging
Discharging
Discharging
Discharging
Discharging
Discharging
Discharging
Discharging
Discharging
Discharging
Discharging
Discharging
Discharging
Discharging
Discharging
Discharging
Discharging
Discharging
Discharging
Discharging
Discharging
Discharging
Discharging
Discharging
Discharging
Discharging
Discharging
Discharging
Discharging
Discharging
Discharging
Discharging
Discharging
Discharging
Discharging
Discharging
Discharging
Discharging
Discharging
Discharging
Discharging
Discharging
Discharging
Discharging
Discharging
Discharging
Discharging
Discharging
Discharging
Discharging
Discharging
Discharging
Discharging
Discharging
Discharging
Discharging
Discharging
Discharging
Discharging
Discharging
Discharging
Discharging
Discharging
Discharging
Discharging
Discharging
Discharging
Discharging
Discharging
Discharging
Discharging
Discharging
Discharging
Discharging
Discharging
Discharging
Discharging
Discharging
Discharging
Discharging
Discharging
Discharging
Discharging
Discharging
Discharging
Discharging
Discharging
Discharging
Discharging
Discharging
Discharging
Discharging
Discharging
Discharging
Discharging
Discharging
Discharging
Discharging
Discharging
Discharging
Discharging
Discharging
Discharging
Discharging
Discharging
Discharging
Discharging
Discharging
Discharging
Discharging
Discharging
Discharging
Discharging
Discharging
Discharging
Discharging
Discharging
Discharging
Discharging
Discharging
Discharging
Discharging
Discharging
Discharging
Discharging
Discharging
Discharging
Discharging
Discharging
Discharging
Discharging
Discharging
Discharging
Discharging
Discharging
Discharging
Discharging
Discharging
Discharging
Discharging
Discharging
Discharging
Discharging
Discharging
Discharging
Discharging
Discharging
Discharging
Discharging
Discharging
Discharging
Discharging
Discharging
Discharging
Discharging
Discharging
Discharging
Discharging
Discharging
Discharging
Discharging
Discharging
Discharging
Discharging
Discharging
Discharging
Discharging
Discharging
Discharging
Discharging
Discharging
Discharging
Discharging
Discharging
Discharging
Discharging
Discharging
Discharging
Discharging
Discharging
Discharging
Discharging
Discharging
Discharging
Discharging
Discharging
Discharging
Discharging
Discharging
Discharging
Discharging
Discharging
Discharging
Discharging
Discharging
Discharging
Discharging
Discharging
Discharging
Discharging
Discharging
Discharging
Discharging
Discharging
Discharging
Discharging
Discharging
Discharging
Discharging
Discharging
Discharging
Discharging
Discharging
Discharging
Discharging
Discharging
Discharging
Discharging
Discharging
Discharging
Discharging
Discharging
Discharging
Discharging
Discharging
Discharging
Discharging
Discharging
Discharging
Discharging
Discharging
Discharging
Discharging
Discharging
Discharging
Discharging
Discharging
Discharging
Discharging
Discharging
Discharging
Discharging
Discharging
Discharging
Discharging
Discharging
Discharging
Discharging
Discharging
Discharging
Discharging
Discharging
Discharging
Discharging
Discharging
Discharging
Discharging
Discharging
Discharging
Discharging
Discharging
Discharging
Discharging
Discharging
Discharging
Discharging
Discharging
Discharging
Discharging
Discharging
Discharging
Discharging
Discharging
Discharging
Discharging
Discharging
Discharging
Discharging
Discharging
Discharging
Discharging
Discharging
Discharging
Discharging
Discharging
Discharging
Discharging
Discharging
Discharging
Discharging
Discharging
Discharging
Discharging
Discharging
Discharging
Discharging
Discharging
Discharging
Discharging
Discharging
Discharging
Discharging
Discharging
Discharging
Discharging
Discharging
Discharging
Discharging
Discharging
Discharging
Discharging
Discharging
Discharging
Discharging
Discharging
Discharging
Discharging
Discharging
Discharging
Discharging
Discharging
Discharging
Discharging
Discharging
Discharging
Discharging
Discharging
Discharging
Discharging
Discharging
Discharging
Discharging
Discharging
Discharging
Discharging
Discharging
Discharging
Discharging
Discharging
Discharging
Discharging
Discharging
Discharging
Discharging
Discharging
Discharging
Discharging
Discharging
Discharging
Discharging
Discharging
Discharging
Discharging
Discharging
Discharging
Discharging
Discharging
Discharging
Discharging
Discharging
Discharging
Discharging
Discharging
Discharging
Discharging
Discharging
Discharging
Discharging
Discharging
Discharging
Discharging
Discharging
Discharging
Discharging
Discharging
Discharging
Discharging
Discharging
Discharging
Discharging
Discharging
Discharging
Discharging
Discharging
Discharging
Discharging
Discharging
Discharging
Discharging
Discharging
Discharging
Discharging
Discharging
Discharging
Discharging
Discharging
Discharging
Discharging
Discharging
Discharging
Discharging
Discharging
Discharging
Discharging
Discharging
Discharging
Discharging
Discharging
Discharging
Discharging
Discharging
Discharging
Discharging
Discharging
Discharging
Discharging
Discharging
Discharging
Discharging
Discharging
Discharging
Discharging
Discharging
Discharging
Discharging
Discharging
Discharging
Discharging
Discharging
Discharging
Discharging
Discharging
Discharging
Discharging
Discharging
Discharging
Discharging
Discharging
Discharging
Discharging
Discharging
Discharging
Discharging
Discharging
Discharging
Discharging
Discharging
Discharging
Discharging
Discharging
Discharging
Discharging
Discharging
Discharging
Discharging
Discharging
Discharging
Discharging
Discharging
Discharging
Discharging
Discharging
Discharging
Discharging
Discharging
Discharging
Discharging
Discharging
Discharging
Discharging
Discharging
Discharging
Discharging
Discharging
Discharging
Discharging
Discharging
Discharging
Discharging
Discharging
Discharging
Discharging
Discharging
Discharging
Discharging
Discharging
Discharging
Discharging
Discharging
Discharging
Discharging
Discharging
Discharging
Discharging
Discharging
Discharging
Discharging
Discharging
Discharging
Discharging
Discharging
Discharging
Discharging
Discharging
Discharging
Discharging
Discharging
Discharging
Discharging
Discharging
Discharging
Discharging
Discharging
Discharging
Discharging
Discharging
Discharging
Discharging
Discharging
Discharging
Discharging
Discharging
Discharging
Discharging
Discharging
Discharging
Discharging
Discharging
Discharging
Discharging
Discharging
Discharging
Discharging
Discharging
Discharging
Discharging
Discharging
Discharging
Discharging
Discharging
Discharging
Discharging
Discharging
Discharging
Discharging
Discharging
Discharging
Discharging
Discharging
Discharging
Discharging
Discharging
Discharging
Discharging
Discharging
Discharging
Discharging
Discharging
Discharging
Discharging
Discharging
Discharging
Discharging
Discharging
Discharging
Discharging
Discharging
Discharging
Discharging
Discharging
Discharging
Discharging
Discharging
Discharging
Discharging
Discharging
Discharging
Discharging
Discharging
Discharging
Discharging
Discharging
Discharging
Discharging
Discharging
Discharging
Discharging
Discharging
Discharging
Discharging
Discharging
Discharging
Discharging
Discharging
Discharging
Discharging
Discharging
Discharging
Discharging
Discharging
Discharging
Discharging
Discharging
Discharging
Discharging
Discharging
Discharging
Discharging
Discharging
Discharging
Discharging
Discharging
Discharging
Discharging
Discharging
Discharging
Discharging
Discharging
Discharging
Discharging
Discharging
Discharging
Discharging
Discharging
Discharging
Discharging
Discharging
Discharging
Discharging
Discharging
Discharging
Discharging
Discharging
Discharging
Discharging
Discharging
Discharging
Discharging
Discharging
Discharging
Discharging
Discharging
Discharging
Discharging
Discharging
Discharging
Discharging
Discharging
Discharging
Discharging
Discharging
Discharging
Discharging
Discharging
Discharging
Discharging
Discharging
Discharging
Discharging
Discharging
Discharging
Discharging
Discharging
Discharging
Discharging
Discharging
Discharging
Discharging
Discharging
Discharging
Discharging
Discharging
Discharging
Discharging
Discharging
Discharging
Discharging
Discharging
Discharging
Discharging
Discharging
Discharging
Discharging
Discharging
Discharging
Discharging
Discharging
Discharging
Discharging
Discharging
Discharging
Discharging
Discharging
Discharging
Discharging
Discharging
Discharging
Discharging
Discharging
Discharging
Discharging
Discharging
Discharging
Discharging
Discharging
Discharging
Discharging
Discharging
Discharging
Discharging
Discharging
Discharging
Discharging
Discharging
Discharging
Discharging
Discharging
Discharging
Discharging
Discharging
Discharging
Discharging
Discharging
Discharging
Discharging
Discharging
Discharging
Discharging
Discharging
Discharging
Discharging
Discharging
Discharging
Discharging
Discharging
Discharging
Discharging
Discharging
Discharging
Discharging
Discharging
Discharging
Discharging
Discharging
Discharging
Discharging
Discharging
Discharging
Discharging
Discharging
Discharging
Discharging
Discharging
Discharging
Discharging
Discharging
Discharging
Discharging
Discharging
Discharging
Discharging
Discharging
Discharging
Discharging
Discharging
Discharging
Discharging
Discharging
Discharging
Discharging
Discharging
Discharging
Discharging
Discharging
Discharging
Discharging
Discharging
Discharging
Discharging
Discharging
Discharging
Discharging
Discharging
Discharging
Discharging
Discharging
Discharging
Discharging
Discharging
Discharging
Discharging
Discharging
Discharging
Discharging
Discharging
Discharging
Discharging
Discharging
Discharging
Discharging
Discharging
Discharging
Discharging
Discharging
Discharging
Discharging
Discharging
Discharging
Discharging
Discharging
Discharging
Discharging
Discharging
Discharging
Discharging
Discharging
Discharging
Discharging
Discharging
Discharging
Discharging
Discharging
Discharging
Discharging
Discharging
Discharging
Discharging
Discharging
Discharging
Discharging
Discharging
Discharging
Discharging
Discharging
Discharging
Discharging
Discharging
Discharging
Discharging
Discharging
Discharging
Discharging
Discharging
Discharging
Discharging
Discharging
Discharging
Discharging
Discharging
Discharging
Discharging
Discharging
Discharging
Discharging
Discharging
Discharging
Discharging
Discharging
Discharging
Discharging
Discharging
Discharging
Discharging
Discharging
Discharging
Discharging
Discharging
Discharging
Discharging
Discharging
Discharging
Discharging
Discharging
Discharging
Discharging
Discharging
Discharging
Discharging
Discharging
Discharging
Discharging
Discharging
Discharging
Discharging
Discharging
Discharging
Discharging
Discharging
Discharging
Discharging
Discharging
Discharging
Discharging
Discharging
Discharging
Discharging
Discharging
Discharging
Discharging
Discharging
Discharging
Discharging
Discharging
Discharging
Discharging
Discharging
Discharging
Discharging
Discharging
Discharging
Discharging
Discharging
Discharging
Discharging
Discharging
Discharging
Discharging
Discharging
Discharging
Discharging
Discharging
Discharging
Discharging
Discharging
Discharging
Discharging
Discharging
Discharging
Discharging
Discharging
Discharging
Discharging
Discharging
Discharging
Discharging
Discharging
Discharging
Discharging
Discharging
Discharging
Discharging
Discharging
Discharging
Discharging
Discharging
Discharging
Discharging
Discharging
Discharging
Discharging
Discharging
Discharging
Discharging
Discharging
Discharging
Discharging
Discharging
Discharging
Discharging
Discharging
Discharging
Discharging
Discharging
Discharging
Discharging
Discharging
Discharging
Discharging
Discharging
Discharging
Discharging
Discharging
Discharging
Discharging
Discharging
Discharging
Discharging
Discharging
Discharging
Discharging
Discharging
Discharging
Discharging
Discharging
Discharging
Discharging
Discharging
Discharging
Discharging
Discharging
Discharging
Discharging
Discharging
Discharging
Discharging
Discharging
Discharging
Discharging
Discharging
Discharging
Discharging
Discharging
Discharging
Discharging
Discharging
Discharging
Discharging
Discharging
Discharging
Discharging
Discharging
Discharging
Discharging
Discharging
Discharging
Discharging
Discharging
Discharging
Discharging
Discharging
Discharging
Discharging
Discharging
Discharging
Discharging
Discharging
Discharging
Discharging
Discharging
Discharging
Discharging
Discharging
Discharging
Discharging
Discharging
Discharging
Discharging
Discharging
Discharging
Discharging
Discharging
Discharging
Discharging
Discharging
Discharging
Discharging
Discharging
Discharging
Discharging
Discharging
Discharging
Discharging
Discharging
Discharging
Discharging
Discharging
Discharging
Discharging
Discharging
Discharging
Discharging
Discharging
Discharging
Discharging
Discharging
Discharging
Discharging
Discharging
Discharging
Discharging
Discharging
Discharging
Discharging
Discharging
Discharging
Discharging
Discharging
Discharging
Discharging
Discharging
Discharging
Discharging
Discharging
Discharging
Discharging
Discharging
Discharging
Discharging
Discharging
Discharging
Discharging
Discharging
Discharging
Discharging
Discharging
Discharging
Discharging
Discharging
Discharging
Discharging
Discharging
Discharging
Discharging
Discharging
Discharging
Discharging
Discharging
Discharging
Discharging
Discharging
Discharging
Discharging
Discharging
Discharging
Discharging
Discharging
Discharging
Discharging
Discharging
Discharging
Discharging
Discharging
Discharging
Discharging
Discharging
Discharging
Discharging
Discharging
Discharging
Discharging
Discharging
Discharging
Discharging
Discharging
Discharging
Discharging
Discharging
Discharging
Discharging
Discharging
Discharging
Discharging
Discharging
Discharging
Discharging
Discharging
Discharging
Discharging
Discharging
Discharging
Discharging
Discharging
Discharging
Discharging
Discharging
Discharging
Discharging
Discharging
Discharging
Discharging
Discharging
Discharging
Discharging
Discharging
Discharging
Discharging
Discharging
Discharging
Discharging
Discharging
Discharging
Discharging
Discharging
Discharging
Discharging
Discharging
Discharging
Discharging
Discharging
Discharging
Discharging
Discharging
Discharging
Discharging
Discharging
Discharging
Discharging
Discharging
Discharging
Discharging
Discharging
Discharging
Discharging
Discharging
Discharging
Discharging
Discharging
Discharging
Discharging
Discharging
Discharging
Discharging
Discharging
Discharging
Discharging
Discharging
Discharging
Discharging
Discharging
Discharging
Discharging
Discharging
Discharging
Discharging
Discharging
Discharging
Discharging
Discharging
Discharging
Discharging
Discharging
Discharging
Discharging
Discharging
Discharging
Discharging
Discharging
Discharging
Discharging
Discharging
Discharging
Discharging
Discharging
Discharging
Discharging
Discharging
Discharging
Discharging
Discharging
Discharging
Discharging
Discharging
Discharging
Discharging
Discharging
Discharging
Discharging
Discharging
Discharging
Discharging
Discharging
Discharging
Discharging
Discharging
Discharging
Discharging
Discharging
Discharging
Discharging
Discharging
Discharging
Discharging
Discharging
Discharging
Discharging
Discharging
Discharging
Discharging
Discharging
Discharging
Discharging
Discharging
Discharging
Discharging
Discharging
Discharging
Discharging
Discharging
Discharging
Discharging
Discharging
Discharging
Discharging
Discharging
Discharging
Discharging
Discharging
Discharging
Discharging
Discharging
Discharging
Discharging
Discharging
Discharging
Discharging
Discharging
Discharging
Discharging
Discharging
Discharging
Discharging
Discharging
Discharging
Discharging
Discharging
Discharging
Discharging
Discharging
Discharging
Discharging
Discharging
Discharging
Discharging
Discharging
Discharging
Discharging
Discharging
Discharging
Discharging
Discharging
Discharging
Discharging
Discharging
Discharging
Discharging
Discharging
Discharging
Discharging
Discharging
Discharging
Discharging
Discharging
Discharging
Discharging
Discharging
Discharging
Discharging
Discharging
Discharging
Discharging
Discharging
Discharging
Discharging
Discharging
Discharging
Discharging
Discharging
Discharging
Discharging
Discharging
Discharging
Discharging
Discharging
Discharging
Discharging
Discharging
Discharging
Discharging
Discharging
Discharging
Discharging
Discharging
Discharging
Discharging
Discharging
Discharging
Discharging
Discharging
Discharging
Discharging
Discharging
Discharging
Discharging
Discharging
Discharging
Discharging
Discharging
Discharging
Discharging
Discharging
Discharging
Discharging
Discharging
Discharging
Discharging
Discharging
Discharging
Discharging
Discharging
Discharging
Discharging
Discharging
Discharging
Discharging
Discharging
Discharging
Discharging
Discharging
Discharging
Discharging
Discharging
Discharging
Discharging
Discharging
Discharging
Discharging
Discharging
Discharging
Discharging
Discharging
Discharging
Discharging
Discharging
Discharging
Discharging
Discharging
Discharging
Discharging
Discharging
Discharging
Discharging
Discharging
Discharging
Discharging
Discharging
Discharging
Discharging
Discharging
Discharging
Discharging
Discharging
Discharging
Discharging
Discharging
Discharging
Discharging
Discharging
Discharging
Discharging
Discharging
Discharging
Discharging
Discharging
Discharging
Discharging
Discharging
Discharging
Discharging
Discharging
Discharging
Discharging
Discharging
Discharging
Discharging
Discharging
Discharging
Discharging
Discharging
Discharging
Discharging
Discharging
Discharging
Discharging
Discharging
Discharging
Discharging
Discharging
Discharging
Discharging
Discharging
Discharging
Discharging
Discharging
Discharging
Discharging
Discharging
Discharging
Discharging
Discharging
Discharging
Discharging
Discharging
Discharging
Discharging
Discharging
Discharging
Discharging
Discharging
Discharging
Discharging
Discharging
Discharging
Discharging
Discharging
Discharging
Discharging
Discharging
Discharging
Discharging
Discharging
Discharging
Discharging
Discharging
Discharging
Discharging
Discharging
Discharging
Discharging
Discharging
Discharging
Discharging
Discharging
Discharging
Discharging
Discharging
Discharging
Discharging
Discharging
Discharging
Discharging
Discharging
Discharging
Discharging
Discharging
Discharging
Discharging
Discharging
Discharging
Discharging
Discharging
Discharging
Discharging
Discharging
Discharging
Discharging
Discharging
Discharging
Discharging
Discharging
Discharging
Discharging
Discharging
Discharging
Discharging
Discharging
Discharging
Discharging
Discharging
Discharging
Discharging
Discharging
Discharging
Discharging
Discharging
Discharging
Discharging
Discharging
Discharging
Discharging
Discharging
Discharging
Discharging
Discharging
Discharging
Discharging
Discharging
Discharging
Discharging
Discharging
Discharging
Discharging
Discharging
Discharging
Discharging
Discharging
Discharging
Discharging
Discharging
Discharging
Discharging
Discharging
Discharging
Discharging
Discharging
Discharging
Discharging
Discharging
Discharging
Discharging
Discharging
Discharging
Discharging
Discharging
Discharging
Discharging
Discharging
Discharging
Discharging
Discharging
Discharging
Discharging
Discharging
Discharging
Discharging
Discharging
Discharging
Discharging
Discharging
Discharging
Discharging
Discharging
Discharging
Discharging
Discharging
Discharging
Discharging
Discharging
Discharging
Discharging
Discharging
Discharging
Discharging
Discharging
Discharging
Discharging
Discharging
Discharging
Discharging
Discharging
Discharging
Discharging
Discharging
Discharging
Discharging
Discharging
Discharging
Discharging
Discharging
Discharging
Discharging
Discharging
Discharging
Discharging
Discharging
Discharging
Discharging
Discharging
Discharging
Discharging
Discharging
Discharging
Discharging
Discharging
Discharging
Discharging
Discharging
Discharging
Discharging
Discharging
Discharging
Discharging
Discharging
Discharging
Discharging
Discharging
Discharging
Discharging
Discharging
Discharging
Discharging
Discharging
Discharging
Discharging
Discharging
Discharging
Discharging
Discharging
Discharging
Discharging
Discharging
Discharging
Discharging
Discharging
Discharging
Discharging
Discharging
Discharging
Discharging
Discharging
Discharging
Discharging
Discharging
Discharging
Discharging
Discharging
Discharging
Discharging
Discharging
Discharging
Discharging
Discharging
Discharging
Discharging
Discharging
Discharging
Discharging
Discharging
Discharging
Discharging
Discharging
Discharging
Discharging
Discharging
Discharging
Discharging
Discharging
Discharging
Discharging
Discharging
Discharging
Discharging
Discharging
Discharging
Discharging
Discharging
Discharging
Discharging
Discharging
Discharging
Discharging
Discharging
Discharging
Discharging
Discharging
Discharging
Discharging
Discharging
Discharging
Discharging
Discharging
Discharging
Discharging
Discharging
Discharging
Discharging
Discharging
Discharging
Discharging
Discharging
Discharging
Discharging
Discharging
Discharging
Discharging
Discharging
Discharging
Discharging
Discharging
Discharging
Discharging
Discharging
Discharging
Discharging
Discharging
Discharging
Discharging
Discharging
Discharging
Discharging
Discharging
Discharging
Discharging
Discharging
Discharging
Discharging
Discharging
Discharging
Discharging
Discharging
Discharging
Discharging
Discharging
Discharging
Discharging
Discharging
Discharging
Discharging
Discharging
Discharging
Discharging
Discharging
Discharging
Discharging
Discharging
Discharging
Discharging
Discharging
Discharging
Discharging
Discharging
Discharging
Discharging
Discharging
Discharging
Discharging
Discharging
Discharging
Discharging
Discharging
Discharging
Discharging
Discharging
Discharging
Discharging
Discharging
Discharging
Discharging
Discharging
Discharging
Discharging
Discharging
Discharging
Discharging
Discharging
Discharging
Discharging
Discharging
Discharging
Discharging
Discharging
Discharging
Discharging
Discharging
Discharging
Discharging
Discharging
Discharging
Discharging
Discharging
Discharging
Discharging
Discharging
Discharging
Discharging
Discharging
Discharging
Discharging
Discharging
Discharging
Discharging
Discharging
Discharging
Discharging
Discharging
Discharging
Discharging
Discharging
Discharging
Discharging
Discharging
Discharging
Discharging
Discharging
Discharging
Discharging
Discharging
Discharging
Discharging
Discharging
Discharging
Discharging
Discharging
Discharging
Discharging
Discharging
Discharging
Discharging
Discharging
Discharging
Discharging
Discharging
Discharging
Discharging
Discharging
Discharging
Discharging
Discharging
Discharging
Discharging
Discharging
Discharging
Discharging
Discharging
Discharging
Discharging
Discharging
Discharging
Discharging
Discharging
Discharging
Discharging
Discharging
Discharging
Discharging
Discharging
Discharging
Discharging
Discharging
Discharging
Discharging
Discharging
Discharging
Discharging
Discharging
Discharging
Discharging
Discharging
Discharging
Discharging
Discharging
Discharging
Discharging
Discharging
Discharging
Discharging
Discharging
Discharging
Discharging
Discharging
Discharging
Discharging
Discharging
Discharging
Discharging
Discharging
Discharging
Discharging
Discharging
Discharging
Discharging
Discharging
Discharging
Discharging
Discharging
Discharging
Discharging
Discharging
Discharging
Discharging
Discharging
Discharging
Discharging
Discharging
Discharging
Discharging
Discharging
Discharging
Discharging
Discharging
Discharging
Discharging
Discharging
Discharging
Discharging
Discharging
Discharging
Discharging
Discharging
Discharging
Discharging
Discharging
Discharging
Discharging
Discharging
Discharging
Discharging
Discharging
Discharging
Discharging
Discharging
Discharging
Discharging
Discharging
Discharging
Opening in existing browser session.
Discharging
Discharging
Discharging
Discharging
Discharging
Discharging
Discharging
Discharging
Discharging
Discharging
Discharging
Discharging
Discharging
Discharging
Discharging
Discharging
Discharging
Discharging
Discharging
Discharging
Discharging
Discharging
Discharging
Discharging
Discharging
Discharging
Discharging
Discharging
Discharging
Discharging
Discharging
Discharging
Discharging
Discharging
Discharging
Discharging
Discharging
Discharging
Discharging
Discharging
Discharging
Discharging
Discharging
Discharging
Discharging
Discharging
Discharging
Discharging
Discharging
Discharging
Discharging
Discharging
Discharging
Discharging
Discharging
Discharging
Discharging
Discharging
Discharging
Discharging
Discharging
Discharging
Discharging
Discharging
Discharging
Discharging
Discharging
Discharging
Discharging
Discharging
Discharging
Discharging
Discharging
Discharging
Discharging
Discharging
Discharging
Discharging
Discharging
Discharging
Discharging
Discharging
Discharging
Discharging
Discharging
Discharging
Discharging
Discharging
Discharging
Discharging
Discharging
Discharging
Discharging
Discharging
Discharging
Discharging
Discharging
Discharging
Discharging
Discharging
Discharging
Discharging
Discharging
Discharging
Discharging
Discharging
Discharging
Discharging
Discharging
Discharging
Discharging
Discharging
Discharging
Discharging
Discharging
Discharging
Discharging
Discharging
Discharging
Discharging
Discharging
Discharging
Discharging
Discharging
Discharging
Discharging
Discharging
Discharging
Discharging
Discharging
Discharging
Discharging
Discharging
Discharging
Discharging
Discharging
Discharging
Discharging
Discharging
Discharging
Discharging
Discharging
Discharging
Discharging
Discharging
Discharging
Discharging
Discharging
Discharging
Discharging
Discharging
Discharging
Discharging
Discharging
Discharging
Discharging
Discharging
Discharging
Discharging
Discharging
Discharging
Discharging
Discharging
Discharging
Discharging
Discharging
Discharging
Discharging
Discharging
Discharging
Discharging
Discharging
Discharging
Discharging
Discharging
Discharging
Discharging
Discharging
Discharging
Discharging
Discharging
Discharging
Discharging
Discharging
Discharging
Discharging
Discharging
Discharging
Discharging
Discharging
Discharging
Discharging
Discharging
Discharging
Discharging
Discharging
Discharging
Discharging
Discharging
Discharging
Discharging
Discharging
Discharging
Discharging
Discharging
Discharging
Discharging
Discharging
Discharging
Discharging
Discharging
Discharging
Discharging
Discharging
Discharging
Discharging
Discharging
Discharging
Discharging
Discharging
Discharging
Discharging
Discharging
Discharging
Discharging
Discharging
Discharging
Discharging
Discharging
Discharging
Discharging
Discharging
Discharging
Discharging
Discharging
Discharging
Discharging
Discharging
Discharging
Discharging
Discharging
Discharging
Discharging
Discharging
Discharging
Discharging
Discharging
Discharging
Discharging
Discharging
Discharging
Discharging
Discharging
Discharging
Discharging
Discharging
Discharging
Discharging
Discharging
Discharging
Discharging
Discharging
Discharging
Discharging
Discharging
Discharging
Discharging
Discharging
Discharging
Discharging
Discharging
Discharging
Discharging
Discharging
Discharging
Discharging
Discharging
Discharging
Discharging
Discharging
Discharging
Discharging
Discharging
Discharging
Discharging
Discharging
Discharging
Discharging
Discharging
Discharging
Discharging
Discharging
Discharging
Discharging
Discharging
Discharging
Discharging
Discharging
Discharging
Discharging
Discharging
Discharging
Discharging
Discharging
Discharging
Discharging
Discharging
Discharging
Discharging
Discharging
Discharging
Discharging
Discharging
Discharging
Discharging
Discharging
Discharging
Discharging
Discharging
Discharging
Discharging
Discharging
Discharging
Discharging
Discharging
Discharging
Discharging
Discharging
Discharging
Discharging
Discharging
Discharging
Discharging
Discharging
Discharging
Discharging
Discharging
Discharging
Discharging
Discharging
Discharging
Discharging
Discharging
Discharging
Discharging
Discharging
Discharging
Discharging
Discharging
Discharging
Discharging
Discharging
Discharging
Discharging
Discharging
Discharging
Discharging
Discharging
Discharging
Discharging
Discharging
Discharging
Discharging
Discharging
Discharging
Discharging
Discharging
Discharging
Discharging
Discharging
Discharging
Discharging
Discharging
Discharging
Discharging
Discharging
Discharging
Discharging
Discharging
Discharging
Discharging
Discharging
Discharging
Discharging
Discharging
Discharging
Discharging
Discharging
Discharging
Discharging
Discharging
Discharging
Discharging
Discharging
Discharging
Discharging
Discharging
Discharging
Discharging
Discharging
Discharging
Discharging
Discharging
Discharging
Discharging
Discharging
Discharging
Discharging
Discharging
Discharging
Discharging
Discharging
Discharging
Discharging
Discharging
Discharging
Discharging
Discharging
Discharging
Discharging
Discharging
Discharging
Discharging
Discharging
Discharging
Discharging
Discharging
Discharging
Discharging
Discharging
Discharging
Discharging
Discharging
Discharging
Discharging
Discharging
Discharging
Discharging
Discharging
Discharging
Discharging
Discharging
Discharging
Discharging
Discharging
Discharging
Discharging
Discharging
Discharging
Discharging
Discharging
Discharging
Discharging
Discharging
Discharging
Discharging
Discharging
Discharging
Discharging
Discharging
Discharging
Discharging
Discharging
Discharging
Discharging
Discharging
Discharging
Discharging
Discharging
Discharging
Discharging
Discharging
Discharging
Discharging
Discharging
Discharging
Discharging
Discharging
Discharging
Discharging
Discharging
Discharging
Discharging
Discharging
Discharging
Discharging
Discharging
Discharging
Discharging
Discharging
Discharging
Discharging
Discharging
Discharging
Discharging
Discharging
Discharging
Discharging
Discharging
Discharging
Discharging
Discharging
Discharging
Discharging
Discharging
Discharging
Discharging
Discharging
Discharging
Discharging
Discharging
Discharging
Discharging
Discharging
Discharging
Discharging
Discharging
Discharging
Discharging
Discharging
Discharging
Discharging
Discharging
Discharging
Discharging
Discharging
Discharging
Discharging
Discharging
Discharging
Discharging
Discharging
Discharging
Discharging
Discharging
Discharging
Discharging
Discharging
Discharging
Discharging
Discharging
Discharging
Discharging
Discharging
Discharging
Discharging
Discharging
Discharging
Discharging
Discharging
Discharging
Discharging
Discharging
Discharging
Discharging
Discharging
Discharging
Discharging
Discharging
Discharging
Discharging
Discharging
Discharging
Discharging
Discharging
Discharging
Discharging
Discharging
Discharging
Discharging
Discharging
Discharging
Discharging
Discharging
Discharging
Discharging
Discharging
Discharging
Discharging
Discharging
Discharging
Discharging
Discharging
Discharging
Discharging
Discharging
Discharging
Discharging
Discharging
Discharging
Discharging
Discharging
Discharging
Discharging
Discharging
Discharging
Discharging
Discharging
Discharging
Discharging
Discharging
Discharging
Discharging
Discharging
Discharging
Discharging
Discharging
Discharging
Discharging
Discharging
Discharging
Discharging
Discharging
Discharging
Discharging
Discharging
Discharging
Discharging
Discharging
Discharging
Discharging
Discharging
Discharging
Discharging
Discharging
Discharging
Discharging
Discharging
Discharging
Discharging
Discharging
Discharging
Discharging
Discharging
Discharging
Discharging
Discharging
Discharging
Discharging
Discharging
Discharging
Discharging
Discharging
Discharging
Discharging
Discharging
Discharging
Discharging
Discharging
Discharging
Discharging
Discharging
Discharging
Discharging
Discharging
Discharging
Discharging
Discharging
Discharging
Discharging
Discharging
Discharging
Discharging
Discharging
Discharging
Discharging
Discharging
Discharging
Discharging
Discharging
Discharging
Discharging
Discharging
Discharging
Discharging
Discharging
Discharging
Discharging
Discharging
Discharging
Discharging
Discharging
Discharging
Discharging
Discharging
Discharging
Discharging
Discharging
Discharging
Discharging
Discharging
Discharging
Discharging
Discharging
Discharging
Discharging
Discharging
Discharging
Discharging
Discharging
Discharging
Discharging
Discharging
Discharging
Discharging
Discharging
Discharging
Discharging
Discharging
Discharging
Discharging
Discharging
Discharging
Discharging
Discharging
Discharging
Discharging
Discharging
Discharging
Discharging
Discharging
Discharging
Discharging
Discharging
Discharging
Discharging
Discharging
Discharging
Discharging
Discharging
Discharging
Discharging
Discharging
Discharging
Discharging
Discharging
Discharging
Discharging
Discharging
Discharging
Discharging
Discharging
Discharging
Discharging
Discharging
Discharging
Discharging
Discharging
Discharging
Discharging
Discharging
Discharging
Discharging
Discharging
Discharging
Discharging
Discharging
Discharging
Discharging
Discharging
Discharging
Discharging
Discharging
Discharging
Discharging
Discharging
Discharging
Discharging
Discharging
Discharging
Discharging
Discharging
Discharging
Discharging
Discharging
Discharging
Discharging
Discharging
Discharging
Discharging
Discharging
Discharging
Discharging
Discharging
Discharging
Discharging
Discharging
Discharging
Discharging
Discharging
Discharging
Discharging
Discharging
Discharging
Discharging
Discharging
Discharging
Discharging
Discharging
Discharging
Discharging
Discharging
Discharging
Discharging
Discharging
Discharging
Discharging
Discharging
Discharging
Discharging
Discharging
Discharging
Discharging
Discharging
Discharging
Discharging
Discharging
Discharging
Discharging
Discharging
Discharging
Discharging
Discharging
Discharging
Discharging
Discharging
Discharging
Discharging
Discharging
Discharging
Discharging
Discharging
Discharging
Discharging
Discharging
Discharging
Discharging
Discharging
Discharging
Discharging
Discharging
Discharging
Discharging
Discharging
Discharging
Discharging
Discharging
Discharging
Discharging
Discharging
Discharging
Discharging
Discharging
Discharging
Discharging
Discharging
Discharging
Discharging
Discharging
Discharging
Discharging
Discharging
Discharging
Discharging
Discharging
Discharging
Discharging
Discharging
Discharging
Discharging
Discharging
Discharging
Discharging
Discharging
Discharging
Discharging
Discharging
Discharging
Discharging
Discharging
Discharging
Discharging
Discharging
Discharging
Discharging
Discharging
Discharging
Discharging
Discharging
Discharging
Discharging
Discharging
Discharging
Discharging
Discharging
Discharging
Discharging
Discharging
Discharging
Discharging
Discharging
Discharging
Discharging
Discharging
Discharging
Discharging
Discharging
Discharging
Discharging
Discharging
Discharging
Discharging
Discharging
Discharging
Discharging
Discharging
Discharging
Discharging
Discharging
Discharging
Discharging
Discharging
Discharging
Discharging
Discharging
Discharging
Discharging
Discharging
Discharging
Discharging
Discharging
Discharging
Discharging
Discharging
Discharging
Discharging
Discharging
Discharging
Discharging
Discharging
Discharging
Discharging
Discharging
Discharging
Discharging
Discharging
Discharging
Discharging
Discharging
Discharging
Discharging
Discharging
Discharging
Discharging
Discharging
Discharging
Discharging
Discharging
Discharging
Discharging
Discharging
Discharging
Discharging
Discharging
Discharging
Discharging
Discharging
Discharging
Discharging
Discharging
Discharging
Discharging
Discharging
Discharging
Discharging
Discharging
Discharging
Discharging
Discharging
Discharging
Discharging
Discharging
Discharging
Discharging
Discharging
Discharging
Discharging
Discharging
Discharging
Discharging
Discharging
Discharging
Discharging
Discharging
Discharging
Discharging
Discharging
Discharging
Discharging
Discharging
Discharging
Discharging
Discharging
Discharging
Discharging
Discharging
Discharging
Discharging
Discharging
Discharging
Discharging
Discharging
Discharging
Discharging
Discharging
Discharging
Discharging
Discharging
Discharging
Discharging
Discharging
Discharging
Discharging
Discharging
         13984062 function calls (13959462 primitive calls) in 8942.875 seconds

   Ordered by: cumulative time

   ncalls  tottime  percall  cumtime  percall filename:lineno(function)
    248/1    0.006    0.000 8945.093 8945.093 {built-in method builtins.exec}
        1    0.000    0.000 8945.093 8945.093 <string>:1(<module>)
        1    0.000    0.000 8945.093 8945.093 <frozen runpy>:201(run_module)
        1    0.000    0.000 8945.092 8945.092 <frozen runpy>:65(_run_code)
        1    0.000    0.000 8945.092 8945.092 __main__.py:1(<module>)
        1    0.000    0.000 8945.044 8945.044 app.py:35(main)
        1 8796.092 8796.092 8937.903 8937.903 {built-in method _welpy_cffi.wl_display_run}
731509/731508    6.268    0.000  141.939    0.000 __init__.py:27(_welpy_dispatch)
   340896    1.553    0.000   94.098    0.000 output.py:64(<lambda>)
   340896    9.077    0.000   92.545    0.000 output.py:113(on_frame)
   340603   69.838    0.000   69.838    0.000 {built-in method _welpy_cffi.wlr_scene_output_commit}
   187752    0.548    0.000   16.351    0.000 windows.py:33(<lambda>)
   187752    2.598    0.000   15.804    0.000 windows.py:47(on_commit)
   188674    2.378    0.000   12.993    0.000 geometry.py:172(apply_clip)
   735614    4.365    0.000    9.407    0.000 __init__.py:24(_key)
        1    0.001    0.001    6.826    6.826 app.py:85(setup)
   188674    2.610    0.000    5.592    0.000 geometry.py:406(client_rect)
   810132    5.162    0.000    5.162    0.000 {method 'cast' of '_cffi_backend.FFI' objects}
    85283    0.276    0.000    4.839    0.000 text_input.py:56(<lambda>)
        1    0.000    0.000    4.590    4.590 __init__.py:14(build)
        1    0.000    0.000    4.590    4.590 core.py:34(build_extension)
    85283    0.759    0.000    4.563    0.000 text_input.py:183(text_input_commit)
        1    0.000    0.000    4.454    4.454 core.py:152(compile)
        1    0.000    0.000    4.356    4.356 api.py:712(compile)
        1    0.000    0.000    4.349    4.349 recompiler.py:1530(recompile)
        1    0.000    0.000    4.200    4.200 ffiplatform.py:15(compile)
        1    0.000    0.000    4.199    4.199 ffiplatform.py:30(_build)
       10    0.000    0.000    4.187    0.419 subprocess.py:404(check_call)
       10    0.000    0.000    4.187    0.419 subprocess.py:387(call)
      189    4.182    0.022    4.182    0.022 {built-in method posix.waitpid}
       40    0.000    0.000    4.180    0.105 subprocess.py:1275(wait)
       40    0.000    0.000    4.180    0.105 subprocess.py:2053(_wait)
       20    0.000    0.000    4.180    0.209 subprocess.py:2040(_try_wait)
        1    0.000    0.000    4.177    4.177 dist.py:1102(run_command)
        1    0.000    0.000    4.177    4.177 dist.py:1006(run_command)
        1    0.000    0.000    4.169    4.169 build_ext.py:94(run)
        1    0.000    0.000    4.169    4.169 build_ext.py:300(run)
        1    0.000    0.000    4.166    4.166 build_ext.py:478(build_extensions)
        1    0.000    0.000    4.166    4.166 build_ext.py:507(_build_extensions_serial)
        1    0.000    0.000    4.166    4.166 build_ext.py:256(build_extension)
        1    0.000    0.000    4.165    4.165 build_ext.py:521(build_extension)
        3    0.000    0.000    4.164    1.388 base.py:1155(spawn)
        3    0.000    0.000    4.164    1.388 spawn.py:55(spawn)
    46474    1.021    0.000    4.145    0.000 input.py:426(keyboard_key)
        1    0.000    0.000    3.955    3.955 base.py:584(compile)
        2    0.000    0.000    3.954    1.977 unix.py:212(_compile)
    87181    1.783    0.000    3.845    0.000 text_input.py:123(send_im_state)
344749/344456    1.438    0.000    3.618    0.000 {built-in method builtins.any}
   589010    3.609    0.000    3.609    0.000 {method 'new' of '_cffi_backend.FFI' objects}
   340896    3.420    0.000    3.420    0.000 {built-in method _welpy_cffi.wlr_scene_output_send_frame_done}
   344266    0.789    0.000    2.915    0.000 model.py:266(clients_visible)
    22128    0.098    0.000    2.782    0.000 input.py:332(<lambda>)
        1    2.206    2.206    2.206    2.206 {built-in method _welpy_cffi.wlr_renderer_autocreate}
  1102639    0.992    0.000    2.177    0.000 output.py:118(<genexpr>)
   774251    2.144    0.000    2.144    0.000 {method 'get' of 'dict' objects}
      889    0.005    0.000    2.126    0.002 app.py:261(<lambda>)
   344264    2.126    0.000    2.126    0.000 model.py:261(clients_in)
      889    0.049    0.000    2.121    0.002 input.py:379(virtual_keyboard_new)
   244825    2.006    0.000    2.006    0.000 {method 'addressof' of '_cffi_backend.FFI' objects}
    24346    0.080    0.000    1.541    0.000 input.py:397(<lambda>)
   340896    0.594    0.000    1.484    0.000 __init__.py:84(update)
  1274836    1.466    0.000    1.467    0.000 {built-in method builtins.isinstance}
   188674    1.261    0.000    1.261    0.000 {built-in method _welpy_cffi.wlr_scene_subsurface_tree_set_clip}
     1788    1.247    0.001    1.247    0.001 {built-in method _welpy_cffi.wlr_keyboard_set_keymap}
   761743    0.910    0.000    1.186    0.000 output.py:133(client_holds_paint)
    45318    0.203    0.000    1.130    0.000 text_input.py:469(forward_to_im)
    87181    1.125    0.000    1.125    0.000 {built-in method _welpy_cffi.wlr_input_method_v2_send_text_change_cause}
   340896    0.890    0.000    0.890    0.000 {built-in method _welpy_cffi.wl_event_source_timer_update}
    19429    0.029    0.000    0.812    0.000 input.py:42(<lambda>)
    19429    0.126    0.000    0.783    0.000 input.py:117(cursor_axis)
      898    0.779    0.001    0.779    0.001 {built-in method _welpy_cffi.wlr_keyboard_group_add_keyboard}
   340896    0.579    0.000    0.579    0.000 {built-in method time.clock_gettime_ns}
    25847    0.227    0.000    0.508    0.000 focus.py:307(surface_at)
     1449    0.081    0.000    0.504    0.000 focus.py:26(reconcile)
    19471    0.078    0.000    0.451    0.000 focus.py:266(rebase_pointer)
    50428    0.231    0.000    0.421    0.000 text_input.py:452(im_grab_for)
      654    0.010    0.000    0.413    0.001 reflow.py:47(_reflow)
      744    0.012    0.000    0.404    0.001 commands.py:14(focus_direction)
    20302    0.401    0.000    0.401    0.000 {built-in method _welpy_cffi.wlr_input_method_keyboard_grab_v2_send_key}
    25016    0.075    0.000    0.370    0.000 input.py:457(forward_key)
     4927    0.008    0.000    0.343    0.000 input.py:36(<lambda>)
    87649    0.337    0.000    0.337    0.000 text_input.py:283(constrain_popups)
     4927    0.037    0.000    0.335    0.000 input.py:58(cursor_motion)
    87012    0.318    0.000    0.318    0.000 {built-in method _welpy_cffi.wlr_input_method_v2_send_content_type}
    25016    0.296    0.000    0.296    0.000 {built-in method _welpy_cffi.wlr_seat_keyboard_notify_key}
    87181    0.282    0.000    0.282    0.000 {built-in method _welpy_cffi.wlr_input_method_v2_send_done}
     4927    0.053    0.000    0.277    0.000 input.py:135(process_pointer_motion)
    10985    0.045    0.000    0.268    0.000 layer_shell.py:45(<lambda>)
      847    0.005    0.000    0.258    0.000 app.py:252(<lambda>)
      847    0.014    0.000    0.254    0.000 input.py:524(seat_set_cursor)
     6376    0.040    0.000    0.252    0.000 focus.py:249(forward_pointer_motion)
       28    0.000    0.000    0.244    0.009 __init__.py:1(<module>)
      843    0.229    0.000    0.229    0.000 {built-in method _welpy_cffi.wlr_cursor_set_surface}
    54369    0.224    0.000    0.224    0.000 {built-in method _welpy_cffi.welpy_keyboard_group_keyboard}
      243    0.009    0.000    0.224    0.001 commands.py:116(view_workspace)
    10985    0.156    0.000    0.222    0.000 layer_shell.py:54(on_commit)
      252    0.001    0.000    0.219    0.001 reflow.py:23(topology)
        1    0.000    0.000    0.210    0.210 base.py:797(link_shared_object)
        1    0.000    0.000    0.210    0.210 unix.py:249(link)
        1    0.070    0.070    0.202    0.202 {built-in method _welpy_cffi.wlr_backend_start}
      402    0.002    0.000    0.198    0.000 reflow.py:17(window)
      345    0.003    0.000    0.193    0.001 app.py:387(<lambda>)
   598/26    0.000    0.000    0.192    0.007 <frozen importlib._bootstrap>:480(_call_with_frames_removed)
       38    0.001    0.000    0.191    0.005 subprocess.py:817(__init__)
      347    0.003    0.000    0.188    0.001 app.py:381(<lambda>)
   270/16    0.001    0.000    0.188    0.012 <frozen importlib._bootstrap>:1349(_find_and_load)
   263/11    0.001    0.000    0.187    0.017 <frozen importlib._bootstrap>:1304(_find_and_load_unlocked)
   244/10    0.000    0.000    0.186    0.019 <frozen importlib._bootstrap>:911(_load_unlocked)
   215/10    0.000    0.000    0.186    0.019 <frozen importlib._bootstrap_external>:1017(exec_module)
       38    0.004    0.000    0.186    0.005 subprocess.py:1827(_execute_child)
    29928    0.180    0.000    0.180    0.000 {built-in method _welpy_cffi.wlr_seat_set_keyboard}
       18    0.001    0.000    0.176    0.010 app.py:297(spawn)
     5110    0.043    0.000    0.172    0.000 input.py:463(keyboard_modifiers)
   144432    0.161    0.000    0.161    0.000 {built-in method builtins.getattr}
    79/33    0.000    0.000    0.130    0.004 {built-in method builtins.__import__}
    25868    0.130    0.000    0.130    0.000 {built-in method _welpy_cffi.wlr_scene_node_at}
      156    0.002    0.000    0.129    0.001 commands.py:73(toggle_fullscreen)
      131    0.001    0.000    0.129    0.001 app.py:414(<lambda>)
   163/56    0.000    0.000    0.126    0.002 <frozen importlib._bootstrap>:1398(_handle_fromlist)
    22279    0.077    0.000    0.124    0.000 text_input.py:504(_set_grab_keyboard)
        1    0.000    0.000    0.123    0.123 app.py:234(<lambda>)
        1    0.000    0.000    0.123    0.123 output.py:19(on_create)
    19429    0.115    0.000    0.115    0.000 {built-in method _welpy_cffi.wlr_seat_pointer_notify_axis}
      410    0.114    0.000    0.114    0.000 {method 'read' of '_io.BufferedReader' objects}
    26694    0.089    0.000    0.110    0.000 focus.py:233(grabbed_client)
        1    0.000    0.000    0.107    0.107 ffiplatform.py:8(get_extension)
        1    0.000    0.000    0.107    0.107 _shimmed_dist_utils.py:1(<module>)
     2840    0.006    0.000    0.106    0.000 input.py:399(<lambda>)
       35    0.102    0.003    0.102    0.003 {built-in method posix.read}
      664    0.005    0.000    0.101    0.000 geometry.py:20(reconcile)
        1    0.000    0.000    0.098    0.098 api.py:101(cdef)
        1    0.000    0.000    0.098    0.098 api.py:119(_cdef)
        1    0.000    0.000    0.098    0.098 cparser.py:370(parse)
        1    0.000    0.000    0.097    0.097 cparser.py:394(_internal_parse)
      111    0.001    0.000    0.096    0.001 commands.py:136(view_previous_workspace)
    23942    0.022    0.000    0.094    0.000 input.py:44(<lambda>)
    22560    0.051    0.000    0.088    0.000 input.py:485(lookup_binding)
        1    0.000    0.000    0.087    0.087 cparser.py:307(_parse)
        1    0.000    0.000    0.086    0.086 core.py:55(register_bindings)
    26796    0.081    0.000    0.081    0.000 {built-in method _welpy_cffi.welpy_im_grab_client}
     1450    0.031    0.000    0.081    0.000 text_input.py:90(relay_set_focus)
       10    0.000    0.000    0.079    0.008 subprocess.py:423(check_output)
       10    0.000    0.000    0.078    0.008 subprocess.py:512(run)
     2270    0.006    0.000    0.078    0.000 input.py:334(<lambda>)
        2    0.000    0.000    0.077    0.038 dist.py:1(<module>)
        1    0.000    0.000    0.074    0.074 c_parser.py:90(parse)
        1    0.000    0.000    0.074    0.074 c_parser.py:628(_parse_translation_unit_or_empty)
     1955    0.008    0.000    0.073    0.000 geometry.py:230(set_border_color)
      931    0.018    0.000    0.073    0.000 geometry.py:142(resize_client)
    23942    0.022    0.000    0.072    0.000 input.py:129(cursor_frame)
      216    0.001    0.000    0.072    0.000 <frozen importlib._bootstrap_external>:1090(get_code)
        1    0.000    0.000    0.071    0.071 c_parser.py:634(_parse_translation_unit)
       10    0.000    0.000    0.069    0.007 subprocess.py:1178(communicate)
      889    0.005    0.000    0.068    0.000 text_input.py:224(<lambda>)
      515    0.001    0.000    0.068    0.000 c_parser.py:646(_parse_external_declaration)
      889    0.013    0.000    0.063    0.000 text_input.py:227(grab_destroy)
        1    0.062    0.062    0.062    0.062 {built-in method _welpy_cffi.wlr_xcursor_manager_load}
     3134    0.017    0.000    0.061    0.000 focus.py:241(top_client)
      118    0.001    0.000    0.060    0.001 layer_shell.py:47(<lambda>)
        1    0.000    0.000    0.059    0.059 app.py:311(teardown)
      118    0.001    0.000    0.059    0.001 layer_shell.py:86(on_unmap)
       35    0.059    0.002    0.059    0.002 {built-in method _posixsubprocess.fork_exec}
      657    0.029    0.000    0.059    0.000 geometry.py:115(apply_tree)
      889    0.003    0.000    0.057    0.000 input.py:403(<lambda>)
     7820    0.056    0.000    0.056    0.000 {built-in method _welpy_cffi.wlr_scene_rect_set_color}
      889    0.018    0.000    0.054    0.000 input.py:408(virtual_keyboard_destroy)
    22560    0.054    0.000    0.054    0.000 {built-in method _welpy_cffi.wlr_keyboard_get_modifiers}
      400    0.001    0.000    0.053    0.000 <frozen importlib._bootstrap_external>:1211(get_data)
        4    0.000    0.000    0.051    0.013 core.py:115(scanner)
      4/2    0.000    0.000    0.050    0.025 __init__.py:26(wrapper)
        1    0.000    0.000    0.050    0.050 config.py:42(autostart)
    23942    0.050    0.000    0.050    0.000 {built-in method _welpy_cffi.wlr_seat_pointer_notify_frame}
        5    0.000    0.000    0.049    0.010 config.py:56(<lambda>)
        1    0.000    0.000    0.047    0.047 app.py:1(<module>)
     4086    0.026    0.000    0.047    0.000 __init__.py:47(listen)
        4    0.000    0.000    0.046    0.012 config.py:59(<lambda>)
        1    0.000    0.000    0.045    0.045 _entry_points.py:1(<module>)
        1    0.044    0.044    0.044    0.044 {built-in method _welpy_cffi.wlr_output_commit_state}
        1    0.000    0.000    0.042    0.042 recompiler.py:1457(make_c_source)
        1    0.000    0.000    0.042    0.042 recompiler.py:1426(_make_c_or_py_source)
     5110    0.013    0.000    0.041    0.000 text_input.py:483(forward_modifiers_to_im)
      360    0.017    0.000    0.040    0.000 geometry.py:273(arrange_layers)
    23292    0.003    0.000    0.040    0.000 c_parser.py:454(_peek)
        2    0.000    0.000    0.039    0.020 core.py:1(<module>)
  783/593    0.000    0.000    0.039    0.000 c_parser.py:1230(_parse_id_declarator)
  786/593    0.000    0.000    0.039    0.000 c_parser.py:1242(_parse_declarator_kind)
  261/254    0.001    0.000    0.038    0.000 <frozen importlib._bootstrap>:1240(_find_spec)
      985    0.037    0.000    0.037    0.000 {built-in method _welpy_cffi.wlr_seat_keyboard_notify_enter}
  786/593    0.001    0.000    0.037    0.000 c_parser.py:1254(_parse_direct_declarator)
    23292    0.004    0.000    0.037    0.000 c_parser.py:2314(peek)
     1465    0.016    0.000    0.036    0.000 focus.py:196(client_for_surface)
  786/596    0.000    0.000    0.035    0.000 c_parser.py:1275(_parse_decl_suffixes)
      889    0.002    0.000    0.034    0.000 text_input.py:81(<lambda>)
    30397    0.006    0.000    0.034    0.000 c_parser.py:2344(_fill)
      745    0.003    0.000    0.033    0.000 focus.py:175(active_tiled)
      256    0.000    0.000    0.033    0.000 <frozen importlib._bootstrap_external>:1548(find_spec)
     6590    0.026    0.000    0.033    0.000 {built-in method builtins.max}
      264    0.033    0.000    0.033    0.000 {built-in method _welpy_cffi.wlr_cursor_set_xcursor}
      256    0.001    0.000    0.033    0.000 <frozen importlib._bootstrap_external>:1519(_get_spec)
    14/12    0.000    0.000    0.033    0.003 __init__.py:71(import_module)
    14/12    0.000    0.000    0.033    0.003 <frozen importlib._bootstrap>:1383(_gcd_import)
     3335    0.007    0.000    0.032    0.000 {built-in method builtins.next}
        3    0.001    0.000    0.032    0.011 recompiler.py:226(_generate)
      889    0.010    0.000    0.032    0.000 text_input.py:212(grab_keyboard)
       13    0.000    0.000    0.032    0.002 core.py:86(append)
        3    0.000    0.000    0.031    0.010 config.py:57(<lambda>)
      743    0.010    0.000    0.031    0.000 layout.py:80(adjacent_leaves)
        2    0.000    0.000    0.031    0.016 core.py:104(_add_pkgs)
     1138    0.002    0.000    0.031    0.000 c_parser.py:797(_parse_declaration_specifiers)
     1011    0.005    0.000    0.031    0.000 text_input.py:509(_disable_text_input)
      438    0.001    0.000    0.031    0.000 __init__.py:330(_compile)
      361    0.000    0.000    0.031    0.000 c_parser.py:1350(_parse_function_decl)
     3109    0.008    0.000    0.030    0.000 <frozen importlib._bootstrap_external>:1621(find_spec)
      889    0.003    0.000    0.030    0.000 text_input.py:54(<lambda>)
        1    0.030    0.030    0.030    0.030 {built-in method _welpy_cffi.wl_display_destroy}
      264    0.003    0.000    0.030    0.000 geometry.py:100(apply_visibility)
      118    0.001    0.000    0.029    0.000 app.py:246(<lambda>)
      128    0.000    0.000    0.029    0.000 _compiler.py:743(compile)
        1    0.000    0.000    0.029    0.029 override.py:1(<module>)
        1    0.000    0.000    0.029    0.029 __init__.py:80(do_override)
        1    0.000    0.000    0.029    0.029 __init__.py:63(ensure_local_distutils)
     4086    0.013    0.000    0.029    0.000 __init__.py:57(remove)
    25584    0.029    0.000    0.029    0.000 {built-in method _welpy_cffi.wlr_scene_buffer_from_node}
99693/98251    0.028    0.000    0.029    0.000 {built-in method builtins.len}
      118    0.013    0.000    0.028    0.000 layer_shell.py:12(on_create)
      889    0.005    0.000    0.028    0.000 text_input.py:173(text_input_enable)
        1    0.000    0.000    0.028    0.028 request.py:1(<module>)
      118    0.000    0.000    0.027    0.000 __init__.py:287(compile)
      361    0.000    0.000    0.026    0.000 c_parser.py:1393(_parse_parameter_type_list)
      361    0.000    0.000    0.026    0.000 c_parser.py:1402(_parse_parameter_list)
     6127    0.025    0.000    0.025    0.000 {built-in method _welpy_cffi.wlr_seat_pointer_notify_motion}
        1    0.025    0.025    0.025    0.025 {built-in method _welpy_cffi.wlr_backend_destroy}
        6    0.000    0.000    0.025    0.004 __init__.py:999(entry_points)
     5613    0.003    0.000    0.025    0.000 c_lexer.py:76(token)
        1    0.000    0.000    0.025    0.025 shell.py:5(register)
      252    0.000    0.000    0.024    0.000 __init__.py:1008(<genexpr>)
    10812    0.002    0.000    0.024    0.000 c_parser.py:458(_peek_type)
    25584    0.024    0.000    0.024    0.000 {built-in method _welpy_cffi.wlr_scene_surface_try_from_buffer}
      623    0.001    0.000    0.023    0.000 c_parser.py:1412(_parse_parameter_declaration)
     1561    0.023    0.000    0.023    0.000 {built-in method _welpy_cffi.wlr_scene_node_set_enabled}
  794/713    0.002    0.000    0.023    0.000 c_parser.py:1075(_parse_struct_or_union_specifier)
     4927    0.023    0.000    0.023    0.000 {built-in method _welpy_cffi.wlr_relative_pointer_manager_v1_send_relative_motion}
      255    0.002    0.000    0.022    0.000 ext_workspace.py:100(publish)
        2    0.000    0.000    0.022    0.011 core.py:136(enum_header)
        1    0.000    0.000    0.022    0.022 recompiler.py:281(write_source_to_f)
        1    0.001    0.001    0.022    0.022 recompiler.py:295(write_c_source_to_f)
      792    0.009    0.000    0.021    0.000 geometry.py:305(monitor_box)
      246    0.000    0.000    0.021    0.000 <frozen importlib._bootstrap>:806(module_from_spec)
      252    0.011    0.000    0.021    0.000 ext_workspace.py:109(_publish_manager)
     4927    0.020    0.000    0.020    0.000 {built-in method _welpy_cffi.wlr_cursor_move}
        1    0.000    0.000    0.020    0.020 client.py:1(<module>)
        1    0.000    0.000    0.020    0.020 <string>:2(__init__)
        1    0.000    0.000    0.020    0.020 api.py:41(__init__)
      264    0.010    0.000    0.019    0.000 geometry.py:41(apply_hierarchy)
     2853    0.010    0.000    0.019    0.000 focus.py:200(<genexpr>)
  698/693    0.005    0.000    0.019    0.000 {built-in method builtins.__build_class__}
     5612    0.007    0.000    0.019    0.000 c_lexer.py:141(_match_token)
      128    0.000    0.000    0.019    0.000 _parser.py:970(parse)
     6127    0.018    0.000    0.018    0.000 {built-in method _welpy_cffi.wlr_seat_pointer_notify_enter}
       23    0.000    0.000    0.018    0.001 <frozen importlib._bootstrap_external>:1315(create_module)
  550/128    0.001    0.000    0.018    0.000 _parser.py:451(_parse_sub)
       23    0.018    0.001    0.018    0.001 {built-in method _imp.create_dynamic}
  829/162    0.006    0.000    0.018    0.000 _parser.py:511(_parse)
     1955    0.006    0.000    0.018    0.000 geometry.py:237(set_activated)
      346    0.005    0.000    0.017    0.000 recompiler.py:665(_generate_cpy_function_decl)
        1    0.000    0.000    0.017    0.017 cparser.py:1(<module>)
      982    0.016    0.000    0.016    0.000 {built-in method _welpy_cffi.wlr_scene_node_raise_to_top}
        1    0.000    0.000    0.016    0.016 cmd.py:1(<module>)
        1    0.000    0.000    0.016    0.016 dist.py:303(__init__)
     4022    0.015    0.000    0.015    0.000 {built-in method _welpy_cffi.wlr_seat_keyboard_notify_modifiers}
       26    0.000    0.000    0.015    0.001 app.py:385(<lambda>)
     6658    0.015    0.000    0.015    0.000 {built-in method _welpy_cffi.wlr_scene_node_set_position}
        1    0.015    0.015    0.015    0.015 {built-in method _welpy_cffi.wlr_output_layout_add_auto}
     6827    0.013    0.000    0.015    0.000 geometry.py:416(client_surface)
      216    0.001    0.000    0.015    0.000 <frozen importlib._bootstrap_external>:779(_compile_bytecode)
       26    0.000    0.000    0.015    0.001 app.py:383(<lambda>)
        1    0.000    0.000    0.014    0.014 ext_workspace.py:5(register)
    15404    0.009    0.000    0.014    0.000 enum.py:1313(__hash__)
       42    0.000    0.000    0.014    0.000 input.py:40(<lambda>)
      794    0.000    0.000    0.014    0.000 c_parser.py:532(_parse_any_declarator)
      216    0.014    0.000    0.014    0.000 {built-in method marshal.loads}
       42    0.002    0.000    0.014    0.000 input.py:84(cursor_button)
        1    0.001    0.001    0.014    0.014 recompiler.py:138(collect_type_table)
        5    0.000    0.000    0.013    0.003 dist.py:870(get_command_obj)
        3    0.000    0.000    0.013    0.004 dist.py:839(get_command_class)
      246    0.000    0.000    0.013    0.000 __init__.py:488(entry_points)
        1    0.000    0.000    0.013    0.013 c_parser.py:1(<module>)
        1    0.000    0.000    0.012    0.012 libinput.py:4(register)
    66/62    0.000    0.000    0.012    0.000 c_parser.py:1108(_parse_struct_declaration_list)
        9    0.000    0.000    0.012    0.001 windows.py:35(<lambda>)
        9    0.001    0.000    0.012    0.001 windows.py:65(on_map)
        1    0.000    0.000    0.012    0.012 layer_shell.py:4(register)
      252    0.000    0.000    0.012    0.000 _itertools.py:4(unique_everseen)
        1    0.000    0.000    0.011    0.011 input.py:5(register)
       30    0.000    0.000    0.011    0.000 dataclasses.py:1294(wrap)
        1    0.000    0.000    0.011    0.011 output.py:5(register)
       30    0.001    0.000    0.011    0.000 dataclasses.py:929(_process_class)
     1452    0.009    0.000    0.011    0.000 focus.py:49(<genexpr>)
 1188/739    0.004    0.000    0.011    0.000 layout.py:49(walk)
     1955    0.011    0.000    0.011    0.000 {built-in method _welpy_cffi.wlr_xdg_toplevel_set_activated}
     1715    0.002    0.000    0.011    0.000 subprocess.py:1916(<genexpr>)
      160    0.011    0.000    0.011    0.000 {built-in method _welpy_cffi.wlr_scene_node_reparent}
    15720    0.006    0.000    0.011    0.000 <frozen importlib._bootstrap_external>:131(_path_join)
        1    0.000    0.000    0.011    0.011 commands.py:1(<module>)
      504    0.000    0.000    0.010    0.000 cparser.py:509(_parse_decl)
  244/234    0.000    0.000    0.010    0.000 c_parser.py:1120(_parse_struct_declaration)
        1    0.000    0.000    0.010    0.010 input.py:317(create_keyboard_group)
      128    0.000    0.000    0.010    0.000 _compiler.py:576(_code)
     1749    0.010    0.000    0.010    0.000 focus.py:43(qualifies)
        1    0.010    0.010    0.010    0.010 {built-in method _welpy_cffi.wlr_allocator_autocreate}
       13    0.000    0.000    0.010    0.001 app.py:240(<lambda>)
      889    0.010    0.000    0.010    0.000 {built-in method _welpy_cffi.wlr_input_method_keyboard_grab_v2_set_keyboard}
       13    0.000    0.000    0.010    0.001 input.py:365(on_create)
 1156/765    0.010    0.000    0.010    0.000 layout.py:216(_path)
26933/21189    0.007    0.000    0.010    0.000 {built-in method builtins.hash}
        1    0.000    0.000    0.010    0.010 markers.py:1(<module>)
     4049    0.010    0.000    0.010    0.000 {built-in method posix.stat}
        1    0.001    0.001    0.010    0.010 cparser.py:189(_preprocess)
        1    0.000    0.000    0.010    0.010 c_lexer.py:1(<module>)
        1    0.000    0.000    0.010    0.010 focus.py:1(<module>)
        1    0.000    0.000    0.010    0.010 _modified.py:1(<module>)
        1    0.010    0.010    0.010    0.010 {built-in method _welpy_cffi.xkb_keymap_new_from_names}
      246    0.000    0.000    0.010    0.000 __init__.py:907(read_text)
        1    0.000    0.000    0.009    0.009 parser.py:1(<module>)
        1    0.000    0.000    0.009    0.009 _parser.py:1(<module>)
        2    0.000    0.000    0.009    0.005 utils.py:1(<module>)
     3724    0.001    0.000    0.009    0.000 <frozen importlib._bootstrap_external>:145(_path_stat)
        1    0.000    0.000    0.009    0.009 feedparser.py:1(<module>)
     1977    0.009    0.000    0.009    0.000 {built-in method _welpy_cffi.wlr_input_method_keyboard_grab_v2_send_modifiers}
11405/5702    0.003    0.000    0.009    0.000 model.py:81(__hash__)
        1    0.000    0.000    0.009    0.009 _tokenizer.py:1(<module>)
 1321/128    0.003    0.000    0.009    0.000 _compiler.py:37(_compile)
      247    0.000    0.000    0.009    0.000 _local.py:539(read_text)
      293    0.002    0.000    0.008    0.000 output.py:145(client_rendered)
     1309    0.001    0.000    0.008    0.000 c_parser.py:526(_peek_declarator_name_info)
      743    0.007    0.000    0.008    0.000 layout.py:264(_neighbor)
      247    0.000    0.000    0.008    0.000 _abc.py:628(read_text)
 2281/579    0.002    0.000    0.008    0.000 cparser.py:606(_get_type_and_quals)
      772    0.002    0.000    0.008    0.000 focus.py:19(bump_focus_order)
        9    0.000    0.000    0.008    0.001 windows.py:37(<lambda>)
        9    0.000    0.000    0.008    0.001 windows.py:101(on_unmap)
      317    0.008    0.000    0.008    0.000 {method 'sub' of 're.Pattern' objects}
        1    0.000    0.000    0.008    0.008 _policybase.py:1(<module>)
     3727    0.008    0.000    0.008    0.000 {built-in method _welpy_cffi.wlr_scene_rect_set_size}
      890    0.008    0.000    0.008    0.000 {built-in method _welpy_cffi.wlr_keyboard_group_destroy}
        1    0.000    0.000    0.007    0.007 tempfile.py:1(<module>)
     6561    0.001    0.000    0.007    0.000 c_parser.py:470(_accept)
1312/1309    0.001    0.000    0.007    0.000 c_parser.py:559(_scan_declarator_name_info)
      267    0.005    0.000    0.007    0.000 {built-in method _io.open}
     2083    0.004    0.000    0.007    0.000 <frozen posixpath>:72(join)
     6371    0.007    0.000    0.007    0.000 {method 'match' of 're.Pattern' objects}
      247    0.000    0.000    0.007    0.000 _local.py:529(open)
       30    0.000    0.000    0.007    0.000 dataclasses.py:470(add_fns_to_class)
       30    0.000    0.000    0.007    0.000 dataclasses.py:1277(dataclass)
      361    0.001    0.000    0.007    0.000 cparser.py:711(_parse_function_type)
        1    0.000    0.000    0.007    0.007 geometry.py:1(<module>)
        1    0.000    0.000    0.006    0.006 _importlib.py:1(<module>)
      118    0.000    0.000    0.006    0.000 layer_shell.py:49(<lambda>)
      400    0.006    0.000    0.006    0.000 {built-in method _io.open_code}
      653    0.004    0.000    0.006    0.000 layout.py:204(_split)
    17653    0.004    0.000    0.006    0.000 model.py:68(_get_items)
      118    0.002    0.000    0.006    0.000 layer_shell.py:99(on_destroy)
     6401    0.006    0.000    0.006    0.000 {built-in method _welpy_cffi.welpy_text_input_client}
      827    0.002    0.000    0.006    0.000 c_parser.py:318(_build_declarations)
      346    0.000    0.000    0.006    0.000 recompiler.py:660(_generate_cpy_function_collecttype)
        1    0.000    0.000    0.006    0.006 dist.py:154(__init__)
        1    0.000    0.000    0.006    0.006 recompiler.py:247(collect_step_tables)
        1    0.000    0.000    0.006    0.006 dist.py:774(finalize_options)
      985    0.002    0.000    0.006    0.000 text_input.py:496(text_input_send_enter)
 2452/487    0.001    0.000    0.006    0.000 recompiler.py:207(_do_collect_type)
      883    0.002    0.000    0.006    0.000 text_input.py:58(<lambda>)
        1    0.000    0.000    0.006    0.006 archive_util.py:1(<module>)
    42146    0.006    0.000    0.006    0.000 {method 'append' of 'list' objects}
      340    0.000    0.000    0.006    0.000 <frozen importlib._bootstrap_external>:164(_path_isfile)
      371    0.000    0.000    0.005    0.000 <frozen importlib._bootstrap_external>:155(_path_is_mode_type)
        1    0.000    0.000    0.005    0.005 build_ext.py:319(get_outputs)
      160    0.001    0.000    0.005    0.000 geometry.py:208(set_fullscreen)
        2    0.000    0.000    0.005    0.003 model.py:1(<module>)
     4086    0.005    0.000    0.005    0.000 {built-in method _welpy_cffi.welpy_signal_add}
     5624    0.005    0.000    0.005    0.000 geometry.py:395(client_layer)
        1    0.000    0.000    0.005    0.005 build_ext.py:329(__get_stubs_outputs)
        3    0.000    0.000    0.005    0.002 build_ext.py:340(__get_output_extensions)
        1    0.000    0.000    0.005    0.005 cmd.py:327(get_finalized_command)
      118    0.005    0.000    0.005    0.000 {built-in method _welpy_cffi.wlr_scene_layer_surface_v1_create}
    18597    0.003    0.000    0.005    0.000 recompiler.py:278(_prnt)
      588    0.000    0.000    0.005    0.000 recompiler.py:534(_convert_funcarg_to_c)
      940    0.003    0.000    0.005    0.000 geometry.py:186(set_size)
      258    0.002    0.000    0.005    0.000 __init__.py:334(__new__)
    11896    0.005    0.000    0.005    0.000 focus.py:244(<genexpr>)
     1011    0.005    0.000    0.005    0.000 {built-in method _welpy_cffi.wlr_input_method_v2_send_deactivate}
     3749    0.003    0.000    0.004    0.000 model.py:29(get_c_name)
     1069    0.004    0.000    0.004    0.000 {built-in method _welpy_cffi.wlr_scene_layer_surface_v1_configure}
      160    0.001    0.000    0.004    0.000 geometry.py:212(_fullscreen)
      190    0.000    0.000    0.004    0.000 c_parser.py:1154(_parse_struct_declarator_list)
      4/2    0.000    0.000    0.004    0.002 cmd.py:133(ensure_finalized)
     4086    0.004    0.000    0.004    0.000 {built-in method _welpy_cffi.wl_list_remove}
        1    0.000    0.000    0.004    0.004 build_ext.py:193(finalize_options)
     4507    0.004    0.000    0.004    0.000 {method 'pop' of 'dict' objects}
        1    0.000    0.000    0.004    0.004 shutil.py:1(<module>)
        1    0.000    0.000    0.004    0.004 build_ext.py:161(finalize_options)
      198    0.000    0.000    0.004    0.000 c_parser.py:1162(_parse_struct_declarator)
      446    0.001    0.000    0.004    0.000 recompiler.py:586(_convert_funcarg_to_c_ptr_or_array)
      586    0.003    0.000    0.004    0.000 __init__.py:111(wl_list_for_each)
        1    0.000    0.000    0.004    0.004 pyprojecttoml.py:1(<module>)
        2    0.000    0.000    0.004    0.002 cmd.py:302(set_undefined_options)
     7105    0.001    0.000    0.004    0.000 c_parser.py:463(_advance)
      889    0.004    0.000    0.004    0.000 {built-in method _welpy_cffi.wlr_input_method_v2_send_activate}
      200    0.000    0.000    0.004    0.000 c_parser.py:1222(_parse_declarator)
     1081    0.001    0.000    0.004    0.000 ext_workspace.py:195(_is_urgent)
     1421    0.004    0.000    0.004    0.000 {built-in method _welpy_cffi.welpy_surface_client}
      702    0.001    0.000    0.004    0.000 c_parser.py:1376(_parse_pointer)
        1    0.000    0.000    0.004    0.004 recompiler.py:1(<module>)
  244/234    0.000    0.000    0.004    0.000 c_parser.py:920(_parse_specifier_qualifier_list)
       35    0.001    0.000    0.004    0.000 <frozen os>:657(get_exec_path)
        8    0.000    0.000    0.004    0.000 __init__.py:173(load)
     4259    0.001    0.000    0.004    0.000 c_parser.py:493(_tok_coord)
      890    0.004    0.000    0.004    0.000 {built-in method _welpy_cffi.wlr_keyboard_group_create}
     4927    0.004    0.000    0.004    0.000 input.py:155(apply_pointer_constraint)
      985    0.004    0.000    0.004    0.000 {built-in method _welpy_cffi.wlr_text_input_v3_send_enter}
        1    0.000    0.000    0.004    0.004 more.py:1(<module>)
        1    0.000    0.000    0.003    0.003 specifiers.py:1(<module>)
       14    0.000    0.000    0.003    0.000 __init__.py:164(match)
      795    0.003    0.000    0.003    0.000 {built-in method _welpy_cffi.wlr_output_layout_get_box}
        1    0.000    0.000    0.003    0.003 _apply_pyprojecttoml.py:1(<module>)
      8/1    0.000    0.000    0.003    0.003 __init__.py:101(find_spec)
        1    0.000    0.000    0.003    0.003 __init__.py:111(spec_for_distutils)
        1    0.000    0.000    0.003    0.003 socket.py:1(<module>)
      264    0.000    0.000    0.003    0.000 <frozen importlib._bootstrap>:416(__enter__)
       11    0.000    0.000    0.003    0.000 __init__.py:1510(info)
      883    0.003    0.000    0.003    0.000 text_input.py:192(text_input_disable)
      433    0.000    0.000    0.003    0.000 c_parser.py:1490(_parse_abstract_declarator_opt)
      847    0.003    0.000    0.003    0.000 {built-in method _welpy_cffi.welpy_seat_pointer_focused_client}
3119/2797    0.001    0.000    0.003    0.000 model.py:74(__eq__)
        9    0.001    0.000    0.003    0.000 windows.py:193(create_scene)
        1    0.000    0.000    0.003    0.003 ssl.py:1(<module>)
        1    0.000    0.000    0.003    0.003 _local.py:1(<module>)
      246    0.000    0.000    0.003    0.000 __init__.py:294(_from_text_for)
      258    0.000    0.000    0.003    0.000 __init__.py:924(_normalized_name)
     4306    0.003    0.000    0.003    0.000 {method 'values' of 'dict' objects}
      982    0.003    0.000    0.003    0.000 {built-in method _welpy_cffi.wlr_text_input_v3_send_leave}
        1    0.003    0.003    0.003    0.003 {built-in method _welpy_cffi.wlr_backend_autocreate}
      889    0.003    0.000    0.003    0.000 {built-in method _welpy_cffi.welpy_vkb_client}
      346    0.001    0.000    0.003    0.000 recompiler.py:827(_generate_cpy_function_ctx)
        2    0.000    0.000    0.003    0.002 c_lexer.py:233(_handle_ppline)
        5    0.000    0.000    0.003    0.001 __init__.py:1641(_log)
     1715    0.002    0.000    0.003    0.000 <frozen os>:844(fsencode)
    13969    0.002    0.000    0.003    0.000 _parser.py:260(get)
      246    0.000    0.000    0.003    0.000 __init__.py:890(<genexpr>)
        1    0.000    0.000    0.003    0.003 specifiers.py:409(Specifier)
      548    0.000    0.000    0.003    0.000 _local.py:227(__str__)
     4259    0.002    0.000    0.003    0.000 c_parser.py:118(_coord)
  797/714    0.001    0.000    0.003    0.000 cparser.py:754(_get_struct_union_enum_type)
        1    0.000    0.000    0.003    0.003 dist.py:806(_finalize_setup_keywords)
       13    0.000    0.000    0.003    0.000 enum.py:899(_convert_)
     1939    0.003    0.000    0.003    0.000 {method 'clear' of 'list' objects}
      486    0.003    0.000    0.003    0.000 commands.py:121(<genexpr>)
      240    0.000    0.000    0.003    0.000 __init__.py:756(search)
      508    0.002    0.000    0.003    0.000 _compiler.py:241(_optimize_charset)
      630    0.000    0.000    0.003    0.000 __init__.py:296(<genexpr>)
     7105    0.001    0.000    0.003    0.000 c_parser.py:2326(next)
        4    0.000    0.000    0.003    0.001 windows.py:41(<lambda>)
     2551    0.003    0.000    0.003    0.000 {method 'extend' of 'list' objects}
       19    0.001    0.000    0.003    0.000 enum.py:1754(convert_class)
        1    0.000    0.000    0.003    0.003 app.py:66(load_config)
        4    0.000    0.000    0.003    0.001 windows.py:136(on_request_fullscreen)
        1    0.001    0.001    0.003    0.003 input.py:349(build_keycode_map)
    31898    0.003    0.000    0.003    0.000 {method 'rstrip' of 'str' objects}
      302    0.001    0.000    0.003    0.000 <frozen importlib._bootstrap>:304(acquire)
     3728    0.003    0.000    0.003    0.000 {built-in method _welpy_cffi.welpy_scene_rect_node}
        1    0.000    0.000    0.003    0.003 base.py:1261(new_compiler)
        1    0.000    0.000    0.003    0.003 setupcfg.py:1(<module>)
        1    0.001    0.001    0.002    0.002 cparser.py:255(_common_type_names)
       14    0.000    0.000    0.002    0.000 __init__.py:40(_welpy_signal_dispatch)
      246    0.001    0.000    0.002    0.000 <frozen importlib._bootstrap>:733(_init_module_attrs)
        1    0.000    0.000    0.002    0.002 subprocess.py:1(<module>)
    20062    0.002    0.000    0.002    0.000 {method 'join' of 'str' objects}
      268    0.000    0.000    0.002    0.000 _local.py:166(__fspath__)
      630    0.000    0.000    0.002    0.000 __init__.py:300(<genexpr>)
       38    0.001    0.000    0.002    0.000 subprocess.py:1298(_close_pipe_fds)
  344/343    0.001    0.000    0.002    0.000 layout.py:61(leaves)
      330    0.000    0.000    0.002    0.000 _local.py:289(drive)
        2    0.000    0.000    0.002    0.001 abc.py:1(<module>)
        1    0.000    0.000    0.002    0.002 hashlib.py:1(<module>)
  167/155    0.000    0.000    0.002    0.000 typing.py:426(inner)
        1    0.000    0.000    0.002    0.002 <frozen importlib._bootstrap>:1171(exec_module)
     1430    0.001    0.000    0.002    0.000 model.py:207(__init__)
        1    0.000    0.000    0.002    0.002 <frozen ntpath>:1(<module>)
        2    0.000    0.000    0.002    0.001 ext_workspace.py:1(<module>)
        1    0.000    0.000    0.002    0.002 header.py:1(<module>)
     1054    0.000    0.000    0.002    0.000 recompiler.py:530(_gettypenum)
     8762    0.002    0.000    0.002    0.000 focus.py:246(<lambda>)
     8301    0.001    0.000    0.002    0.000 _parser.py:167(__getitem__)
     5612    0.002    0.000    0.002    0.000 c_lexer.py:218(_make_token)
        1    0.000    0.000    0.002    0.002 _common.py:33(wrapper)
        2    0.000    0.000    0.002    0.001 version.py:1(<module>)
        1    0.000    0.000    0.002    0.002 _common.py:51(files)
        1    0.000    0.000    0.002    0.002 parse.py:1(<module>)
      432    0.001    0.000    0.002    0.000 <frozen importlib._bootstrap_external>:509(cache_from_source)
        1    0.000    0.000    0.002    0.002 _common.py:108(from_package)
    18597    0.002    0.000    0.002    0.000 {method 'write' of '_io.StringIO' objects}
        1    0.000    0.000    0.002    0.002 headerregistry.py:1(<module>)
        5    0.000    0.000    0.002    0.000 __init__.py:1667(handle)
        9    0.000    0.000    0.002    0.000 app.py:236(<lambda>)
      889    0.002    0.000    0.002    0.000 {built-in method _welpy_cffi.wlr_seat_get_keyboard}
        1    0.000    0.000    0.002    0.002 tarfile.py:1(<module>)
      890    0.002    0.000    0.002    0.000 {built-in method _welpy_cffi.welpy_keyboard_key_signal}
        5    0.000    0.000    0.002    0.000 __init__.py:1721(callHandlers)
       12    0.002    0.000    0.002    0.000 {built-in method _welpy_cffi.wlr_scene_xdg_surface_create}
    10247    0.002    0.000    0.002    0.000 geometry.py:66(<genexpr>)
        5    0.000    0.000    0.002    0.000 __init__.py:1011(handle)
        2    0.000    0.000    0.002    0.001 readers.py:1(<module>)
        1    0.000    0.000    0.002    0.002 expand.py:1(<module>)
        5    0.000    0.000    0.002    0.000 __init__.py:1139(emit)
      889    0.002    0.000    0.002    0.000 {built-in method _welpy_cffi.welpy_im_grab_destroy}
      630    0.000    0.000    0.002    0.000 __init__.py:104(<genexpr>)
        6    0.002    0.000    0.002    0.000 {method 'write' of '_io.TextIOWrapper' objects}
        9    0.001    0.000    0.002    0.000 windows.py:16(on_create)
      160    0.002    0.000    0.002    0.000 {built-in method _welpy_cffi.wlr_xdg_toplevel_set_fullscreen}
2555/2523    0.001    0.000    0.002    0.000 {built-in method __new__ of type object at 0x7e00e55dec40}
     1062    0.001    0.000    0.002    0.000 cparser.py:597(_get_type_pointer)
        2    0.002    0.001    0.002    0.001 {method 'findall' of 're.Pattern' objects}
       38    0.001    0.000    0.002    0.000 subprocess.py:1723(_get_handles)
      119    0.000    0.000    0.002    0.000 recompiler.py:1033(_generate_cpy_struct_ctx)
       23    0.000    0.000    0.002    0.000 <frozen importlib._bootstrap_external>:1323(exec_module)
  218/215    0.000    0.000    0.002    0.000 <frozen importlib._bootstrap_external>:671(_check_name_wrapper)
        1    0.001    0.001    0.002    0.002 {built-in method _welpy_cffi.wl_display_destroy_clients}
        3    0.000    0.000    0.002    0.001 subprocess.py:1787(_posix_spawn)
        1    0.000    0.000    0.002    0.002 _normalization.py:1(<module>)
       10    0.000    0.000    0.002    0.000 text_input.py:33(<lambda>)
        1    0.000    0.000    0.002    0.002 random.py:1(<module>)
        1    0.000    0.000    0.002    0.002 _abc.py:1(<module>)
     2347    0.000    0.000    0.002    0.000 c_parser.py:481(_expect)
        3    0.002    0.001    0.002    0.001 {built-in method posix.posix_spawn}
      416    0.002    0.000    0.002    0.000 _parser.py:448(_uniq)
      2/1    0.000    0.000    0.002    0.002 <frozen runpy>:105(_get_module_details)
      384    0.001    0.000    0.002    0.000 <frozen os>:712(__getitem__)
       10    0.001    0.000    0.002    0.000 text_input.py:41(text_input_new)
        1    0.000    0.000    0.002    0.002 unixccompiler.py:1(<module>)
      454    0.000    0.000    0.002    0.000 <frozen importlib._bootstrap>:632(cached)
        1    0.000    0.000    0.002    0.002 sysconfig.py:1(<module>)
       38    0.000    0.000    0.002    0.000 subprocess.py:274(_cleanup)
        1    0.000    0.000    0.002    0.002 _adapters.py:28(get_resource_reader)
        1    0.000    0.000    0.002    0.002 _adapters.py:149(_native)
        1    0.000    0.000    0.002    0.002 _adapters.py:144(_reader)
     1216    0.001    0.000    0.002    0.000 c_parser.py:256(_fix_decl_name_type)
        1    0.000    0.000    0.002    0.002 <frozen importlib._bootstrap_external>:1220(get_resource_reader)
      123    0.001    0.000    0.002    0.000 recompiler.py:902(_struct_ctx)
      171    0.001    0.000    0.002    0.000 subprocess.py:2006(_internal_poll)
       38    0.001    0.000    0.002    0.000 subprocess.py:1133(__del__)
       14    0.000    0.000    0.002    0.000 app.py:277(reap)
    10099    0.002    0.000    0.002    0.000 {method 'replace' of 'str' objects}
       23    0.002    0.000    0.002    0.000 {built-in method _imp.exec_dynamic}
      837    0.001    0.000    0.002    0.000 ast_transforms.py:113(fix_atomic_specifiers)
      239    0.000    0.000    0.002    0.000 <frozen importlib._bootstrap_external>:639(_get_cached)
        3    0.001    0.000    0.001    0.000 subprocess.py:582(list2cmdline)
      128    0.000    0.000    0.001    0.000 _compiler.py:514(_compile_info)
      262    0.000    0.000    0.001    0.000 recompiler.py:1360(_emit_bytecode_RawFunctionType)
        1    0.000    0.000    0.001    0.001 decoder.py:1(<module>)
 1585/423    0.001    0.000    0.001    0.000 _parser.py:177(getwidth)
       40    0.000    0.000    0.001    0.000 _functools.py:75(wrapper)
        1    0.000    0.000    0.001    0.001 tags.py:1(<module>)
    16131    0.001    0.000    0.001    0.000 _parser.py:239(__next)
      169    0.000    0.000    0.001    0.000 dataclasses.py:768(_get_field)
      302    0.000    0.000    0.001    0.000 <frozen importlib._bootstrap>:162(__enter__)
      708    0.000    0.000    0.001    0.000 model.py:257(as_raw_function)
      353    0.001    0.000    0.001    0.000 geometry.py:259(_track_configure)
      889    0.001    0.000    0.001    0.000 {built-in method _welpy_cffi.welpy_keyboard_destroy_signal}
      890    0.001    0.000    0.001    0.000 {built-in method _welpy_cffi.welpy_keyboard_modifiers_signal}
     2656    0.001    0.000    0.001    0.000 {built-in method builtins.id}
        1    0.000    0.000    0.001    0.001 py39.py:1(<module>)
       45    0.000    0.000    0.001    0.000 __init__.py:765(lookup)
      203    0.000    0.000    0.001    0.000 typing.py:173(_type_check)
      358    0.000    0.000    0.001    0.000 cparser.py:497(_declare_function)
        1    0.000    0.000    0.001    0.001 bz2.py:1(<module>)
       45    0.000    0.000    0.001    0.000 __init__.py:775(__init__)
     2499    0.001    0.000    0.001    0.000 <frozen posixpath>:42(_get_sep)
       67    0.001    0.000    0.001    0.000 {method 'read' of '_io.TextIOWrapper' objects}
      474    0.001    0.000    0.001    0.000 {built-in method _welpy_cffi.welpy_extws_send_state}
      316    0.001    0.000    0.001    0.000 _local.py:257(_parse_path)
        1    0.000    0.000    0.001    0.001 unix.py:1(<module>)
        1    0.000    0.000    0.001    0.001 traceback.py:1(<module>)
        4    0.000    0.000    0.001    0.000 errors.py:1(<module>)
     1530    0.001    0.000    0.001    0.000 <string>:20(__eq__)
      368    0.001    0.000    0.001    0.000 functools.py:36(update_wrapper)
        1    0.000    0.000    0.001    0.001 version.py:336(Version)
    12461    0.001    0.000    0.001    0.000 {method 'startswith' of 'str' objects}
     3744    0.001    0.000    0.001    0.000 geometry.py:79(<genexpr>)
      118    0.001    0.000    0.001    0.000 {built-in method _welpy_cffi.wlr_surface_send_enter}
     2972    0.001    0.000    0.001    0.000 <string>:13(__eq__)
     3039    0.001    0.000    0.001    0.000 {method 'split' of 'str' objects}
     8085    0.001    0.000    0.001    0.000 {built-in method posix.fspath}
     1820    0.000    0.000    0.001    0.000 c_parser.py:170(_lex_type_lookup_func)
        1    0.000    0.000    0.001    0.001 cparser.py:98(_preprocess_extern_python)
      195    0.000    0.000    0.001    0.000 <frozen _collections_abc>:808(get)
      230    0.001    0.000    0.001    0.000 layer_shell.py:23(<genexpr>)
       59    0.000    0.000    0.001    0.000 <frozen abc>:105(__new__)
       21    0.000    0.000    0.001    0.000 focus.py:287(client_at)
    46/34    0.000    0.000    0.001    0.000 typing.py:574(__getitem__)
       81    0.000    0.000    0.001    0.000 typing.py:1438(__init__)
       16    0.000    0.000    0.001    0.000 __init__.py:358(namedtuple)
        1    0.000    0.000    0.001    0.001 configparser.py:1(<module>)
     2615    0.001    0.000    0.001    0.000 ext_workspace.py:196(<genexpr>)
        1    0.000    0.000    0.001    0.001 logging.py:1(<module>)
     3547    0.001    0.000    0.001    0.000 model.py:47(_get_c_name)
      4/3    0.000    0.000    0.001    0.000 __init__.py:540(get_config_vars)
        2    0.000    0.000    0.001    0.001 __init__.py:580(get_config_var)
      258    0.000    0.000    0.001    0.000 _functools.py:89(pass_none)
        1    0.000    0.000    0.001    0.001 __init__.py:468(_init_config_vars)
      433    0.000    0.000    0.001    0.000 c_parser.py:1431(_build_parameter_declaration)
       28    0.000    0.000    0.001    0.000 enum.py:499(__new__)
        1    0.000    0.000    0.001    0.001 _header_value_parser.py:1(<module>)
    15850    0.001    0.000    0.001    0.000 <frozen importlib._bootstrap>:491(_verbose_message)
      123    0.001    0.000    0.001    0.000 geometry.py:313(place_in_layer_bucket)
       19    0.001    0.000    0.001    0.000 {method 'search' of 're.Pattern' objects}
      295    0.000    0.000    0.001    0.000 _parser.py:97(closegroup)
        1    0.000    0.000    0.001    0.001 api.py:1(<module>)
      918    0.001    0.000    0.001    0.000 {method 'items' of 'dict' objects}
       51    0.000    0.000    0.001    0.000 <frozen abc>:117(__instancecheck__)
        2    0.000    0.000    0.001    0.000 build_ext.py:1(<module>)
        1    0.000    0.000    0.001    0.001 fancy_getopt.py:1(<module>)
        1    0.000    0.000    0.001    0.001 dist.py:746(parse_config_files)
      302    0.000    0.000    0.001    0.000 <frozen importlib._bootstrap>:124(setdefault)
     1425    0.001    0.000    0.001    0.000 c_parser.py:296(_add_declaration_specifier)
        1    0.000    0.000    0.001    0.001 ipaddress.py:1(<module>)
      302    0.001    0.000    0.001    0.000 <frozen importlib._bootstrap>:426(_get_module_lock)
        2    0.000    0.000    0.001    0.000 build_py.py:1(<module>)
      989    0.000    0.000    0.001    0.000 c_parser.py:516(_starts_declarator)
     3188    0.000    0.000    0.001    0.000 <frozen importlib._bootstrap_external>:1497(_path_importer_cache)
        1    0.000    0.000    0.001    0.001 layout.py:1(<module>)
        1    0.000    0.000    0.001    0.001 scanner.py:1(<module>)
        1    0.000    0.000    0.001    0.001 ccompiler.py:1(<module>)
      417    0.001    0.000    0.001    0.000 {built-in method builtins.sorted}
      119    0.000    0.000    0.001    0.000 recompiler.py:1029(_generate_cpy_struct_decl)
        1    0.000    0.000    0.001    0.001 charset.py:1(<module>)
      313    0.000    0.000    0.001    0.000 _local.py:277(_raw_path)
     2103    0.001    0.000    0.001    0.000 {method 'encode' of 'str' objects}
      837    0.001    0.000    0.001    0.000 ast_transforms.py:147(_fix_atomic_specifiers_once)
        1    0.000    0.000    0.001    0.001 __init__.py:344(_init_posix)
      284    0.000    0.000    0.001    0.000 _abc.py:130(with_segments)
      306    0.000    0.000    0.001    0.000 __init__.py:183(sub)
      238    0.000    0.000    0.001    0.000 <frozen importlib._bootstrap_external>:1616(_get_spec)
       51    0.000    0.000    0.001    0.000 {built-in method _abc._abc_instancecheck}
       31    0.000    0.000    0.001    0.000 typing.py:753(Union)
     1820    0.001    0.000    0.001    0.000 c_parser.py:151(_is_type_in_scope)
      250    0.000    0.000    0.001    0.000 _local.py:140(joinpath)
      468    0.000    0.000    0.001    0.000 dataclasses.py:709(_is_type)
       10    0.000    0.000    0.001    0.000 text_input.py:60(<lambda>)
        1    0.000    0.000    0.001    0.001 _common.py:1(<module>)
        2    0.000    0.000    0.001    0.000 glob.py:1(<module>)
      630    0.000    0.000    0.001    0.000 __init__.py:110(read)
        1    0.000    0.000    0.001    0.001 message.py:1(<module>)
        3    0.000    0.000    0.001    0.000 reflow.py:30(outputs)
        9    0.000    0.000    0.001    0.000 app.py:244(<lambda>)
        1    0.000    0.000    0.001    0.001 input.py:338(destroy_keyboard_group)
        5    0.000    0.000    0.001    0.000 __init__.py:1626(makeRecord)
      219    0.000    0.000    0.001    0.000 typing.py:164(_type_convert)
       11    0.000    0.000    0.001    0.000 app.py:254(<lambda>)
     3140    0.000    0.000    0.001    0.000 {built-in method builtins.setattr}
      434    0.000    0.000    0.001    0.000 <frozen importlib._bootstrap_external>:137(_path_split)
      468    0.001    0.000    0.001    0.000 {method '__exit__' of '_io._IOBase' objects}
      361    0.000    0.000    0.001    0.000 model.py:235(as_function_pointer)
       10    0.000    0.000    0.001    0.000 text_input.py:199(text_input_destroy)
       45    0.001    0.000    0.001    0.000 {built-in method posix.pipe}
       81    0.001    0.000    0.001    0.000 {built-in method posix.close}
      293    0.001    0.000    0.001    0.000 {method 'offsetof' of '_cffi_backend.FFI' objects}
      240    0.000    0.000    0.001    0.000 <frozen importlib._bootstrap_external>:830(spec_from_file_location)
      301    0.000    0.000    0.001    0.000 __init__.py:851(normalize)
        1    0.000    0.000    0.001    0.001 _manylinux.py:1(<module>)
       84    0.000    0.000    0.001    0.000 <frozen posixpath>:176(dirname)
        2    0.000    0.000    0.001    0.000 <frozen importlib.util>:70(find_spec)
      330    0.000    0.000    0.001    0.000 _local.py:498(__init__)
        5    0.000    0.000    0.001    0.000 __init__.py:298(__init__)
      127    0.001    0.000    0.001    0.000 {built-in method _welpy_cffi.wlr_scene_node_destroy}
      402    0.001    0.000    0.001    0.000 <frozen os>:794(encode)
        1    0.000    0.000    0.001    0.001 output.py:68(<lambda>)
       14    0.000    0.000    0.001    0.000 hashlib.py:126(__get_openssl_constructor)
        4    0.000    0.000    0.001    0.000 app.py:265(<lambda>)
        9    0.000    0.000    0.001    0.000 geometry.py:324(decoration_new)
        1    0.000    0.000    0.001    0.001 lzma.py:1(<module>)
        1    0.000    0.000    0.001    0.001 datetime.py:1(<module>)
      252    0.001    0.000    0.001    0.000 {built-in method _welpy_cffi.welpy_extws_send_done}
        3    0.000    0.000    0.001    0.000 libinput.py:67(configure)
       39    0.000    0.000    0.001    0.000 contextlib.py:303(helper)
      263    0.001    0.000    0.001    0.000 {built-in method _welpy_cffi.wlr_seat_pointer_clear_focus}
        1    0.000    0.000    0.001    0.001 output.py:81(on_destroy)
        4    0.000    0.000    0.001    0.000 typing.py:3013(__new__)
        1    0.001    0.001    0.001    0.001 {built-in method _welpy_cffi.wlr_linux_dmabuf_v1_create_with_renderer}
       57    0.000    0.000    0.001    0.000 typing.py:1023(__init__)
      498    0.001    0.000    0.001    0.000 {method 'remove' of 'list' objects}
       11    0.000    0.000    0.001    0.000 windows.py:161(on_request_activate)
        4    0.000    0.000    0.001    0.000 xwayland.py:13(on_create)
      264    0.000    0.000    0.001    0.000 <frozen importlib._bootstrap>:420(__exit__)
      240    0.000    0.000    0.001    0.000 __init__.py:759(mtime)
        2    0.000    0.000    0.001    0.000 hashlib.py:82(__get_builtin_constructor)
    73/41    0.000    0.000    0.001    0.000 <frozen abc>:121(__subclasscheck__)
        1    0.000    0.000    0.001    0.001 dist.py:447(_finalize_license_files)
        1    0.000    0.000    0.001    0.001 recipes.py:506(unique_everseen)
    73/41    0.001    0.000    0.001    0.000 {built-in method _abc._abc_subclasscheck}
        1    0.000    0.000    0.001    0.001 dist.py:480(<genexpr>)
      258    0.000    0.000    0.001    0.000 _functools.py:99(wrapper)
        4    0.000    0.000    0.001    0.000 dist.py:487(_find_pattern)
        6    0.000    0.000    0.001    0.000 __init__.py:273(select)
        1    0.000    0.000    0.001    0.001 {built-in method _welpy_cffi.wlr_xwayland_destroy}
        1    0.000    0.000    0.001    0.001 queue.py:1(<module>)
      302    0.000    0.000    0.001    0.000 <frozen importlib._bootstrap>:372(release)
        1    0.000    0.000    0.001    0.001 configparser.py:590(RawConfigParser)
      119    0.000    0.000    0.001    0.000 recompiler.py:868(_struct_decl)
       41    0.000    0.000    0.001    0.000 __init__.py:278(<genexpr>)
       42    0.001    0.000    0.001    0.000 {built-in method _welpy_cffi.wlr_seat_pointer_notify_button}
     4045    0.001    0.000    0.001    0.000 {method 'group' of 're.Match' objects}
        7    0.000    0.000    0.001    0.000 app.py:248(<lambda>)
     4518    0.001    0.000    0.001    0.000 {method 'rpartition' of 'str' objects}
        1    0.000    0.000    0.001    0.001 heapq.py:1(<module>)
        1    0.000    0.000    0.001    0.001 string.py:1(<module>)
     4332    0.000    0.000    0.001    0.000 _parser.py:255(match)
        1    0.000    0.000    0.001    0.001 numpy.py:1(<module>)
       38    0.001    0.000    0.001    0.000 contextlib.py:571(__exit__)
      354    0.001    0.000    0.001    0.000 {method 'memmove' of '_cffi_backend.FFI' objects}
        1    0.000    0.000    0.001    0.001 tempfile.py:357(mkdtemp)
        3    0.000    0.000    0.001    0.000 windows.py:222(on_popup_commit)
       73    0.001    0.000    0.001    0.000 {built-in method posix.listdir}
     1269    0.000    0.000    0.001    0.000 c_parser.py:496(_starts_declaration)
     2236    0.000    0.000    0.001    0.000 _parser.py:175(append)
      704    0.000    0.000    0.001    0.000 c_parser.py:1019(_parse_type_qualifier_list)
        1    0.000    0.000    0.001    0.001 struct.py:1(<module>)
       17    0.001    0.000    0.001    0.000 {built-in method builtins.eval}
        4    0.000    0.000    0.001    0.000 typing.py:2994(_make_nmtuple)
       18    0.001    0.000    0.001    0.000 {built-in method _warnings.warn}
        1    0.000    0.000    0.001    0.001 request.py:910(AbstractBasicAuthHandler)
       35    0.000    0.000    0.001    0.000 warnings.py:170(simplefilter)
        1    0.000    0.000    0.001    0.001 selectors.py:1(<module>)
        7    0.000    0.000    0.001    0.000 input.py:508(seat_set_selection)
        1    0.000    0.000    0.001    0.001 encoders.py:1(<module>)
        3    0.000    0.000    0.001    0.000 shutil.py:1503(which)
        1    0.000    0.000    0.001    0.001 commands.py:42(group_window)
        1    0.000    0.000    0.001    0.001 ext_workspace.py:272(_welpy_extws_handle_activate)
      343    0.000    0.000    0.001    0.000 _local.py:117(__init__)
        2    0.000    0.000    0.001    0.000 build.py:1(<module>)
        1    0.000    0.000    0.001    0.001 bisect.py:1(<module>)
       11    0.000    0.000    0.001    0.000 windows.py:184(on_destroy)
       16    0.000    0.000    0.001    0.000 ext_workspace.py:253(_welpy_extws_destroyed)
     2686    0.000    0.000    0.001    0.000 _parser.py:163(__len__)
        1    0.000    0.000    0.001    0.001 tempfile.py:115(_sanitize_params)
        1    0.001    0.001    0.001    0.001 {built-in method _welpy_cffi.xkb_keymap_unref}
      184    0.001    0.000    0.001    0.000 {built-in method _imp.source_hash}
        1    0.000    0.000    0.001    0.001 platform.py:1(<module>)
        4    0.000    0.000    0.001    0.000 glob.py:16(glob)
        1    0.000    0.000    0.001    0.001 cparser.py:167(_remove_line_directives)
        7    0.000    0.000    0.001    0.000 _local.py:510(stat)
        1    0.000    0.000    0.001    0.001 cparser.py:180(_put_back_line_directives)
        1    0.000    0.000    0.001    0.001 app.py:224(<lambda>)
        4    0.000    0.000    0.001    0.000 glob.py:90(_iglob)
        1    0.000    0.000    0.001    0.001 __init__.py:477(StrFormatStyle)
      216    0.000    0.000    0.001    0.000 <frozen importlib._bootstrap_external>:694(_classify_pyc)
        4    0.000    0.000    0.001    0.000 inspect.py:3387(signature)
     1680    0.001    0.000    0.001    0.000 {method 'startswith' of 'bytes' objects}
     1916    0.000    0.000    0.001    0.000 cparser.py:585(_extract_quals)
      508    0.000    0.000    0.001    0.000 _compiler.py:214(_compile_charset)
      258    0.000    0.000    0.001    0.000 __init__.py:936(_name_from_stem)
        4    0.000    0.000    0.001    0.000 inspect.py:3108(from_callable)
        1    0.000    0.000    0.001    0.001 _static.py:1(<module>)
        4    0.000    0.000    0.001    0.000 glob.py:135(_glob1)
        1    0.000    0.000    0.001    0.001 ext_workspace.py:247(_welpy_extws_bind)
        1    0.000    0.000    0.001    0.001 c_ast.py:1(<module>)
      936    0.001    0.000    0.001    0.000 {method 'decode' of 'bytes' objects}
     12/4    0.000    0.000    0.000    0.000 inspect.py:2500(_signature_from_callable)
        1    0.000    0.000    0.000    0.000 signal.py:1(<module>)
       16    0.000    0.000    0.000    0.000 ext_workspace.py:298(_on_resource_destroyed)
        2    0.000    0.000    0.000    0.000 _abc.py:442(exists)
       57    0.000    0.000    0.000    0.000 {built-in method builtins.compile}
      474    0.000    0.000    0.000    0.000 ext_workspace.py:199(_state_bits)
        9    0.000    0.000    0.000    0.000 windows.py:39(<lambda>)
        1    0.000    0.000    0.000    0.000 {built-in method _welpy_cffi.wlr_drm_create}
      219    0.000    0.000    0.000    0.000 recompiler.py:600(_convert_expr_from_c)
      521    0.000    0.000    0.000    0.000 typing.py:1383(__setattr__)
     3043    0.000    0.000    0.000    0.000 {built-in method builtins.hasattr}
        2    0.000    0.000    0.000    0.000 error.py:1(<module>)
      240    0.000    0.000    0.000    0.000 __init__.py:804(search)
     1067    0.000    0.000    0.000    0.000 ext_workspace.py:214(_workspace_entry)
        6    0.000    0.000    0.000    0.000 typing.py:3157(__new__)
      123    0.000    0.000    0.000    0.000 enum.py:1608(__and__)
       28    0.000    0.000    0.000    0.000 <frozen importlib._bootstrap_external>:1484(_path_hooks)
      184    0.000    0.000    0.000    0.000 {built-in method _welpy_cffi.wlr_xdg_toplevel_set_size}
        3    0.000    0.000    0.000    0.000 app.py:238(<lambda>)
        1    0.000    0.000    0.000    0.000 input.py:48(destroy_cursor)
     1836    0.000    0.000    0.000    0.000 _parser.py:292(tell)
       45    0.000    0.000    0.000    0.000 recompiler.py:1154(_generate_cpy_macro_decl)
     3807    0.000    0.000    0.000    0.000 {method 'count' of 'str' objects}
  460/445    0.000    0.000    0.000    0.000 _compiler.py:401(_simple)
       47    0.000    0.000    0.000    0.000 recompiler.py:1062(_generate_cpy_const)
       45    0.000    0.000    0.000    0.000 __init__.py:742(children)
       18    0.000    0.000    0.000    0.000 __init__.py:245(_afterFork)
        2    0.000    0.000    0.000    0.000 extension.py:1(<module>)
     10/7    0.000    0.000    0.000    0.000 functools.py:930(wrapper)
       27    0.000    0.000    0.000    0.000 geometry.py:348(apply_decoration)
        4    0.000    0.000    0.000    0.000 fnmatch.py:48(filter)
        1    0.000    0.000    0.000    0.000 sysconfig.py:295(customize_compiler)
        1    0.000    0.000    0.000    0.000 c_parser.py:50(CParser)
      271    0.000    0.000    0.000    0.000 <frozen posixpath>:117(splitext)
       39    0.000    0.000    0.000    0.000 contextlib.py:108(__init__)
        1    0.000    0.000    0.000    0.000 string.py:69(__init_subclass__)
       34    0.000    0.000    0.000    0.000 typing.py:1673(copy_with)
      135    0.000    0.000    0.000    0.000 {built-in method _welpy_cffi.wlr_scene_tree_create}
      384    0.000    0.000    0.000    0.000 _collections.py:28(parse)
     4456    0.000    0.000    0.000    0.000 model.py:12(qualify)
     1680    0.000    0.000    0.000    0.000 {method 'endswith' of 'bytes' objects}
        1    0.000    0.000    0.000    0.000 monkey.py:72(patch_all)
        1    0.000    0.000    0.000    0.000 base.py:372(_setup_compile)
      707    0.000    0.000    0.000    0.000 model.py:264(__init__)
      444    0.000    0.000    0.000    0.000 <frozen os>:798(decode)
      393    0.000    0.000    0.000    0.000 c_parser.py:1049(_parse_init_declarator_list)
        3    0.000    0.000    0.000    0.000 monkey.py:44(get_unpatched)
       68    0.000    0.000    0.000    0.000 <frozen genericpath>:16(exists)
        4    0.000    0.000    0.000    0.000 fnmatch.py:38(_compile_pattern)
        3    0.000    0.000    0.000    0.000 monkey.py:54(get_unpatched_class)
       30    0.000    0.000    0.000    0.000 dataclasses.py:610(_init_fn)
        1    0.000    0.000    0.000    0.000 {built-in method _welpy_cffi.wlr_xcursor_manager_destroy}
       38    0.000    0.000    0.000    0.000 contextlib.py:485(__init__)
       28    0.000    0.000    0.000    0.000 <frozen importlib._bootstrap_external>:1672(_fill_cache)
        1    0.000    0.000    0.000    0.000 monkey.py:93(_patch_distribution_metadata)
        7    0.000    0.000    0.000    0.000 {built-in method _welpy_cffi.wlr_seat_set_selection}
      130    0.000    0.000    0.000    0.000 {built-in method _welpy_cffi.welpy_surface_commit}
      478    0.000    0.000    0.000    0.000 {built-in method _welpy_cffi.xkb_keysym_get_name}
        3    0.000    0.000    0.000    0.000 windows.py:215(popup_new)
        1    0.000    0.000    0.000    0.000 discovery.py:1(<module>)
        3    0.000    0.000    0.000    0.000 monkey.py:26(_get_mro)
        1    0.000    0.000    0.000    0.000 extension.py:163(_convert_pyx_sources_to_lang)
       17    0.000    0.000    0.000    0.000 typing.py:1649(__getitem__)
     3951    0.000    0.000    0.000    0.000 {method 'strip' of 'str' objects}
      384    0.000    0.000    0.000    0.000 __init__.py:460(_replace)
        3    0.000    0.000    0.000    0.000 platform.py:1232(python_implementation)
     2593    0.000    0.000    0.000    0.000 {built-in method sys.intern}
      934    0.000    0.000    0.000    0.000 recompiler.py:782(need_indirection)
        3    0.000    0.000    0.000    0.000 platform.py:1128(_sys_version)
        1    0.000    0.000    0.000    0.000 base.py:1195(get_default_compiler)
       21    0.000    0.000    0.000    0.000 base.py:204(set_executable)
        1    0.000    0.000    0.000    0.000 base.py:171(set_executables)
       38    0.000    0.000    0.000    0.000 <frozen importlib._bootstrap>:463(_lock_unlock_module)
        1    0.000    0.000    0.000    0.000 _elffile.py:1(<module>)
        1    0.000    0.000    0.000    0.000 monkey.py:1(<module>)
      588    0.000    0.000    0.000    0.000 recompiler.py:579(_extra_local_variables)
       12    0.000    0.000    0.000    0.000 typing.py:806(Optional)
       10    0.000    0.000    0.000    0.000 util.py:245(split_quoted)
        3    0.000    0.000    0.000    0.000 base.py:1175(mkpath)
       82    0.000    0.000    0.000    0.000 typing.py:1322(__init__)
       17    0.000    0.000    0.000    0.000 typing.py:1763(__getitem__)
       35    0.000    0.000    0.000    0.000 warnings.py:188(_add_filter)
        9    0.000    0.000    0.000    0.000 geometry.py:334(on_destroy)
      433    0.000    0.000    0.000    0.000 c_parser.py:594(_starts_direct_abstract_declarator)
       80    0.000    0.000    0.000    0.000 enum.py:355(__setitem__)
      169    0.000    0.000    0.000    0.000 dataclasses.py:383(field)
      384    0.000    0.000    0.000    0.000 __init__.py:205(matches)
      130    0.000    0.000    0.000    0.000 _compiler.py:389(_mk_bitmap)
      701    0.000    0.000    0.000    0.000 {built-in method _welpy_cffi.xkb_keymap_key_get_syms_by_level}
      308    0.000    0.000    0.000    0.000 <frozen posixpath>:166(basename)
        1    0.000    0.000    0.000    0.000 extension.py:17(_have_cython)
      238    0.000    0.000    0.000    0.000 recompiler.py:1022(_struct_names)
        1    0.000    0.000    0.000    0.000 dir_util.py:1(<module>)
        1    0.000    0.000    0.000    0.000 tempfile.py:86(_infer_return_type)
      216    0.000    0.000    0.000    0.000 <frozen importlib._bootstrap_external>:1230(path_stats)
     1067    0.000    0.000    0.000    0.000 c_parser.py:212(_type_modify_decl)
        2    0.000    0.000    0.000    0.000 input.py:1(<module>)
      295    0.000    0.000    0.000    0.000 _parser.py:85(opengroup)
        3    0.000    0.000    0.000    0.000 dir_util.py:66(_)
       12    0.000    0.000    0.000    0.000 recompiler.py:1226(_generate_cpy_extern_python_collecttype)
       84    0.000    0.000    0.000    0.000 typing.py:260(_collect_type_parameters)
        1    0.000    0.000    0.000    0.000 __init__.py:444(PercentStyle)
     1309    0.000    0.000    0.000    0.000 c_parser.py:490(_reset)
       30    0.000    0.000    0.000    0.000 enum.py:252(__set_name__)
        1    0.000    0.000    0.000    0.000 app.py:242(<lambda>)
        2    0.000    0.000    0.000    0.000 xwayland.py:102(unmanaged_new)
        1    0.000    0.000    0.000    0.000 depends.py:1(<module>)
      796    0.000    0.000    0.000    0.000 model.py:336(force_the_name)
        2    0.000    0.000    0.000    0.000 recompiler.py:289(_rel_readlines)
      263    0.000    0.000    0.000    0.000 <frozen importlib._bootstrap>:232(__init__)
     1315    0.000    0.000    0.000    0.000 c_parser.py:487(_mark)
        1    0.000    0.000    0.000    0.000 reflow.py:1(<module>)
      412    0.000    0.000    0.000    0.000 enum.py:830(__setattr__)
        1    0.000    0.000    0.000    0.000 ipaddress.py:2392(_IPv6Constants)
      122    0.000    0.000    0.000    0.000 c_parser.py:744(_parse_decl_body_with_spec)
        4    0.000    0.000    0.000    0.000 inspect.py:3329(__str__)
        4    0.000    0.000    0.000    0.000 inspect.py:3332(format)
        1    0.000    0.000    0.000    0.000 config.py:1(<module>)
       35    0.000    0.000    0.000    0.000 ipaddress.py:2316(__init__)
     1761    0.000    0.000    0.000    0.000 cffi_opcode.py:8(as_c_expr)
      532    0.000    0.000    0.000    0.000 cparser.py:571(_declare)
     1252    0.000    0.000    0.000    0.000 {method 'update' of 'dict' objects}
      387    0.000    0.000    0.000    0.000 __init__.py:170(__init__)
        1    0.000    0.000    0.000    0.000 _reqs.py:1(<module>)
      302    0.000    0.000    0.000    0.000 <frozen importlib._bootstrap>:74(__new__)
        1    0.000    0.000    0.000    0.000 spawn.py:1(<module>)
     2980    0.000    0.000    0.000    0.000 {built-in method builtins.min}
        9    0.000    0.000    0.000    0.000 layout.py:102(successor)
     1385    0.000    0.000    0.000    0.000 {method 'rfind' of 'str' objects}
        1    0.000    0.000    0.000    0.000 text_input.py:35(<lambda>)
       39    0.000    0.000    0.000    0.000 contextlib.py:145(__exit__)
     1075    0.000    0.000    0.000    0.000 commands.py:26(<lambda>)
      263    0.000    0.000    0.000    0.000 <frozen importlib._bootstrap>:445(cb)
       63    0.000    0.000    0.000    0.000 shutil.py:1488(_access_check)
     2010    0.000    0.000    0.000    0.000 {method 'find' of 'bytearray' objects}
      800    0.000    0.000    0.000    0.000 weakref.py:427(__setitem__)
      544    0.000    0.000    0.000    0.000 <frozen importlib._bootstrap>:645(parent)
      482    0.000    0.000    0.000    0.000 {method 'string' of '_cffi_backend.FFI' objects}
      257    0.000    0.000    0.000    0.000 <frozen importlib._bootstrap>:1128(find_spec)
        1    0.000    0.000    0.000    0.000 text_input.py:65(input_method_new)
       28    0.000    0.000    0.000    0.000 <frozen importlib._bootstrap_external>:1713(path_hook_for_FileFinder)
       21    0.000    0.000    0.000    0.000 {built-in method _welpy_cffi.wlr_seat_keyboard_clear_focus}
       13    0.000    0.000    0.000    0.000 inspect.py:2855(__str__)
     2070    0.000    0.000    0.000    0.000 {method 'add' of 'set' objects}
        1    0.000    0.000    0.000    0.000 message.py:141(Message)
      778    0.000    0.000    0.000    0.000 model.py:365(enumfields)
      128    0.000    0.000    0.000    0.000 {built-in method _welpy_cffi.welpy_surface_unmap}
      280    0.000    0.000    0.000    0.000 <frozen importlib._bootstrap_external>:89(_unpack_uint32)
       51    0.000    0.000    0.000    0.000 functools.py:544(decorating_function)
        3    0.000    0.000    0.000    0.000 dir_util.py:31(wrapper)
      596    0.000    0.000    0.000    0.000 typing.py:1309(_is_dunder)
     4259    0.000    0.000    0.000    0.000 c_lexer.py:72(filename)
        1    0.000    0.000    0.000    0.000 __init__.py:126(EntryPoint)
        8    0.000    0.000    0.000    0.000 typing.py:2069(__new__)
       12    0.000    0.000    0.000    0.000 recompiler.py:1287(_generate_cpy_extern_python_decl)
      118    0.000    0.000    0.000    0.000 {method 'sizeof' of '_cffi_backend.FFI' objects}
        2    0.000    0.000    0.000    0.000 {method 'readlines' of '_io._IOBase' objects}
      271    0.000    0.000    0.000    0.000 <frozen genericpath>:157(_splitext)
        1    0.000    0.000    0.000    0.000 _spdx.py:1(<module>)
       12    0.000    0.000    0.000    0.000 recompiler.py:1233(_extern_python_decl)
      245    0.000    0.000    0.000    0.000 _parser.py:311(_class_escape)
     1871    0.000    0.000    0.000    0.000 {built-in method builtins.vars}
      807    0.000    0.000    0.000    0.000 weakref.py:414(__getitem__)
     2600    0.000    0.000    0.000    0.000 {built-in method builtins.ord}
       17    0.000    0.000    0.000    0.000 inspect.py:1445(formatannotation)
        1    0.000    0.000    0.000    0.000 util.py:238(_init_regex)
      384    0.000    0.000    0.000    0.000 __init__.py:450(_make)
        1    0.000    0.000    0.000    0.000 <frozen os>:751(copy)
      515    0.000    0.000    0.000    0.000 model.py:65(__repr__)
        1    0.000    0.000    0.000    0.000 ipaddress.py:1579(_IPv4Constants)
        1    0.000    0.000    0.000    0.000 encoder.py:1(<module>)
      868    0.000    0.000    0.000    0.000 <frozen importlib._bootstrap_external>:139(<genexpr>)
      350    0.000    0.000    0.000    0.000 enum.py:37(_is_descriptor)
       45    0.000    0.000    0.000    0.000 windows.py:210(<genexpr>)
        1    0.000    0.000    0.000    0.000 {built-in method _welpy_cffi.wlr_xwayland_create}
      116    0.000    0.000    0.000    0.000 ext_workspace.py:203(_addr)
        3    0.000    0.000    0.000    0.000 <frozen os>:203(makedirs)
      154    0.000    0.000    0.000    0.000 enum.py:696(__call__)
      623    0.000    0.000    0.000    0.000 cparser.py:746(_as_func_arg)
     1971    0.000    0.000    0.000    0.000 {method 'endswith' of 'str' objects}
      118    0.000    0.000    0.000    0.000 {built-in method _welpy_cffi.welpy_layer_surface_destroy}
       21    0.000    0.000    0.000    0.000 ipaddress.py:1512(__init__)
       39    0.000    0.000    0.000    0.000 contextlib.py:136(__enter__)
      781    0.000    0.000    0.000    0.000 <frozen importlib._bootstrap>:1222(__enter__)
        8    0.000    0.000    0.000    0.000 typing.py:1734(__getitem__)
      246    0.000    0.000    0.000    0.000 _parser.py:371(_escape)
      411    0.000    0.000    0.000    0.000 enum.py:1590(_get_value)
        1    0.000    0.000    0.000    0.000 dist.py:546(_parse_config_files)
        5    0.000    0.000    0.000    0.000 __init__.py:1592(findCaller)
      101    0.000    0.000    0.000    0.000 dataclasses.py:437(add_fn)
      302    0.000    0.000    0.000    0.000 <frozen importlib._bootstrap>:82(remove)
      781    0.000    0.000    0.000    0.000 <frozen importlib._bootstrap>:1226(__exit__)
        2    0.000    0.000    0.000    0.000 _abc.py:754(home)
       35    0.000    0.000    0.000    0.000 warnings.py:488(__enter__)
        2    0.000    0.000    0.000    0.000 sysconfig.py:125(get_python_inc)
      848    0.000    0.000    0.000    0.000 _parser.py:82(groups)
      147    0.000    0.000    0.000    0.000 {method 'acquire' of '_thread.lock' objects}
      384    0.000    0.000    0.000    0.000 __init__.py:201(_for)
       12    0.000    0.000    0.000    0.000 functools.py:878(register)
        9    0.000    0.000    0.000    0.000 layout.py:128(remove)
      400    0.000    0.000    0.000    0.000 enum.py:78(_is_private)
        1    0.000    0.000    0.000    0.000 tempfile.py:310(gettempdir)
      241    0.000    0.000    0.000    0.000 <string>:14(__eq__)
       59    0.000    0.000    0.000    0.000 {built-in method _abc._abc_init}
       95    0.000    0.000    0.000    0.000 typing.py:789(<genexpr>)
       11    0.000    0.000    0.000    0.000 __init__.py:435(wrapper)
      279    0.000    0.000    0.000    0.000 ext_workspace.py:207(_group_for_monitor)
        2    0.000    0.000    0.000    0.000 sysconfig.py:158(_get_python_inc_posix)
        1    0.000    0.000    0.000    0.000 tempfile.py:298(_gettempdir)
        9    0.000    0.000    0.000    0.000 geometry.py:199(set_tiled)
       34    0.000    0.000    0.000    0.000 inspect.py:177(get_annotations)
      119    0.000    0.000    0.000    0.000 recompiler.py:1018(_generate_cpy_struct_collecttype)
      328    0.000    0.000    0.000    0.000 _local.py:237(_format_parsed_parts)
       20    0.000    0.000    0.000    0.000 {method 'close' of '_io.BufferedReader' objects}
       90    0.000    0.000    0.000    0.000 {built-in method _welpy_cffi.wlr_xdg_toplevel_decoration_v1_set_mode}
        4    0.000    0.000    0.000    0.000 inspect.py:2396(_signature_from_function)
        7    0.000    0.000    0.000    0.000 typing.py:1748(__getitem_inner__)
       10    0.000    0.000    0.000    0.000 {built-in method posix.mkdir}
        1    0.000    0.000    0.000    0.000 tempfile.py:184(_get_default_tempdir)
      921    0.000    0.000    0.000    0.000 model.py:332(build_c_name_with_marker)
        3    0.000    0.000    0.000    0.000 _local.py:800(expanduser)
        5    0.000    0.000    0.000    0.000 __init__.py:988(format)
      268    0.000    0.000    0.000    0.000 <frozen importlib._bootstrap_external>:190(_path_abspath)
        3    0.000    0.000    0.000    0.000 {built-in method _welpy_cffi.libinput_device_config_scroll_get_methods}
      246    0.000    0.000    0.000    0.000 __init__.py:298(_from_text)
       12    0.000    0.000    0.000    0.000 __init__.py:1765(isEnabledFor)
        1    0.000    0.000    0.000    0.000 c_lexer.py:23(CLexer)
      452    0.000    0.000    0.000    0.000 {built-in method fromkeys}
       18    0.000    0.000    0.000    0.000 {method 'release' of '_thread.RLock' objects}
        1    0.000    0.000    0.000    0.000 base.py:1015(object_filenames)
        1    0.000    0.000    0.000    0.000 __init__.py:260(WordSet)
     1399    0.000    0.000    0.000    0.000 _parser.py:112(__init__)
  151/121    0.000    0.000    0.000    0.000 _compiler.py:439(_get_literal_prefix)
        3    0.000    0.000    0.000    0.000 base.py:1023(<genexpr>)
     3109    0.000    0.000    0.000    0.000 <frozen importlib._bootstrap_external>:71(_relax_case)
      119    0.000    0.000    0.000    0.000 recompiler.py:861(_struct_collecttype)
        2    0.000    0.000    0.000    0.000 base.py:1032(_make_out_path)
      384    0.000    0.000    0.000    0.000 c_parser.py:140(_add_identifier)
        2    0.000    0.000    0.000    0.000 sysconfig.py:150(_extant)
        1    0.000    0.000    0.000    0.000 c_ast.py:32(Node)
       28    0.000    0.000    0.000    0.000 <frozen importlib._bootstrap_external>:1595(__init__)
       52    0.000    0.000    0.000    0.000 ipaddress.py:1939(__init__)
      302    0.000    0.000    0.000    0.000 <frozen importlib._bootstrap>:79(__init__)
      385    0.000    0.000    0.000    0.000 {built-in method builtins.all}
        9    0.000    0.000    0.000    0.000 enum.py:485(__prepare__)
      440    0.000    0.000    0.000    0.000 socket.py:79(<lambda>)
      260    0.000    0.000    0.000    0.000 <frozen importlib._bootstrap>:982(find_spec)
        2    0.000    0.000    0.000    0.000 base.py:1037(_make_out_path_exts)
     1843    0.000    0.000    0.000    0.000 {method 'isupper' of 'str' objects}
        5    0.000    0.000    0.000    0.000 __init__.py:699(format)
       43    0.000    0.000    0.000    0.000 __init__.py:739(joinpath)
       16    0.000    0.000    0.000    0.000 ext_workspace.py:231(_find_workspace)
      302    0.000    0.000    0.000    0.000 {built-in method from_bytes}
      405    0.000    0.000    0.000    0.000 recompiler.py:22(as_c_expr)
       14    0.000    0.000    0.000    0.000 enum.py:1597(__or__)
        3    0.000    0.000    0.000    0.000 {built-in method _welpy_cffi.libinput_device_config_scroll_set_method}
      444    0.000    0.000    0.000    0.000 enum.py:47(_is_dunder)
       28    0.000    0.000    0.000    0.000 <frozen zipimport>:68(__init__)
        1    0.000    0.000    0.000    0.000 recipes.py:1(<module>)
       37    0.000    0.000    0.000    0.000 typing.py:1654(<genexpr>)
      441    0.000    0.000    0.000    0.000 socket.py:84(<lambda>)
      528    0.000    0.000    0.000    0.000 __init__.py:121(valid)
       42    0.000    0.000    0.000    0.000 {method 'sort' of 'list' objects}
      442    0.000    0.000    0.000    0.000 socket.py:89(<lambda>)
      443    0.000    0.000    0.000    0.000 socket.py:94(<lambda>)
        3    0.000    0.000    0.000    0.000 <frozen posixpath>:388(realpath)
        8    0.000    0.000    0.000    0.000 _local.py:329(parent)
        4    0.000    0.000    0.000    0.000 fnmatch.py:74(translate)
        4    0.000    0.000    0.000    0.000 c_parser.py:1289(_parse_array_decl)
      483    0.000    0.000    0.000    0.000 _parser.py:171(__setitem__)
      154    0.000    0.000    0.000    0.000 enum.py:1157(__new__)
       22    0.000    0.000    0.000    0.000 _local.py:245(_from_parsed_parts)
        1    0.000    0.000    0.000    0.000 threading.py:1(<module>)
      330    0.000    0.000    0.000    0.000 _local.py:505(__new__)
        1    0.000    0.000    0.000    0.000 {built-in method _welpy_cffi.libinput_device_config_click_set_method}
       58    0.000    0.000    0.000    0.000 cparser.py:195(replace_keeping_newlines)
        1    0.000    0.000    0.000    0.000 base.py:1(<module>)
        4    0.000    0.000    0.000    0.000 c_parser.py:1292(_parse_array_decl_common)
      198    0.000    0.000    0.000    0.000 recompiler.py:38(as_c_expr)
       31    0.000    0.000    0.000    0.000 typing.py:379(_remove_dups_flatten)
        3    0.000    0.000    0.000    0.000 build_ext.py:159(get_ext_filename)
       61    0.000    0.000    0.000    0.000 _parser.py:273(getuntil)
       20    0.000    0.000    0.000    0.000 subprocess.py:1105(__exit__)
       14    0.000    0.000    0.000    0.000 __init__.py:2130(getLogger)
       38    0.000    0.000    0.000    0.000 contextlib.py:568(__enter__)
       18    0.000    0.000    0.000    0.000 __init__.py:231(_prepareFork)
        3    0.000    0.000    0.000    0.000 typing.py:709(ClassVar)
       31    0.000    0.000    0.000    0.000 ipaddress.py:1286(__init__)
        2    0.000    0.000    0.000    0.000 build_ext.py:682(get_ext_fullpath)
        1    0.000    0.000    0.000    0.000 input.py:24(create_cursor)
     1346    0.000    0.000    0.000    0.000 {built-in method _imp.acquire_lock}
      837    0.000    0.000    0.000    0.000 __init__.py:225(<genexpr>)
      302    0.000    0.000    0.000    0.000 <frozen importlib._bootstrap>:173(__exit__)
        1    0.000    0.000    0.000    0.000 build_ext.py:467(get_outputs)
        1    0.000    0.000    0.000    0.000 {method 'getvalue' of '_io.StringIO' objects}
      219    0.000    0.000    0.000    0.000 <frozen importlib._bootstrap>:48(_new_module)
        9    0.000    0.000    0.000    0.000 layout.py:117(insert_sibling)
        1    0.000    0.000    0.000    0.000 dist.py:348(find_config_files)
       88    0.000    0.000    0.000    0.000 typing.py:3809(__getattr__)
        4    0.000    0.000    0.000    0.000 fnmatch.py:85(_translate)
     1346    0.000    0.000    0.000    0.000 {built-in method _imp.release_lock}
        1    0.000    0.000    0.000    0.000 ext_workspace.py:76(create)
      646    0.000    0.000    0.000    0.000 {method '__exit__' of '_thread.RLock' objects}
       37    0.000    0.000    0.000    0.000 {built-in method _welpy_cffi.wlr_scene_rect_create}
        1    0.000    0.000    0.000    0.000 app.py:267(<lambda>)
        1    0.000    0.000    0.000    0.000 _musllinux.py:1(<module>)
        1    0.000    0.000    0.000    0.000 config.py:52(key_bindings)
        1    0.000    0.000    0.000    0.000 __init__.py:2005(basicConfig)
       19    0.000    0.000    0.000    0.000 {method 'index' of 'list' objects}
       40    0.000    0.000    0.000    0.000 enum.py:1060(_add_member_)
        2    0.000    0.000    0.000    0.000 base.py:1057(_make_relative)
       35    0.000    0.000    0.000    0.000 warnings.py:509(__exit__)
       18    0.000    0.000    0.000    0.000 _static.py:27(_prevent_modification)
      317    0.000    0.000    0.000    0.000 {built-in method posix._path_splitroot_ex}
      129    0.000    0.000    0.000    0.000 _parser.py:230(__init__)
        3    0.000    0.000    0.000    0.000 session_lock.py:119(update_background)
       10    0.000    0.000    0.000    0.000 functools.py:844(dispatch)
        7    0.000    0.000    0.000    0.000 typing.py:1730(copy_with)
      128    0.000    0.000    0.000    0.000 {built-in method _sre.compile}
        2    0.000    0.000    0.000    0.000 xwayland.py:52(<lambda>)
        1    0.000    0.000    0.000    0.000 _encoded_words.py:1(<module>)
      268    0.000    0.000    0.000    0.000 <frozen importlib._bootstrap_external>:185(_path_isabs)
     1216    0.000    0.000    0.000    0.000 c_ast.py:1181(__init__)
        1    0.000    0.000    0.000    0.000 numbers.py:1(<module>)
        5    0.000    0.000    0.000    0.000 windows.py:171(mark_urgent)
       13    0.000    0.000    0.000    0.000 __init__.py:1362(getLogger)
  398/396    0.000    0.000    0.000    0.000 recompiler.py:849(_field_type)
       25    0.000    0.000    0.000    0.000 _local.py:252(_from_parsed_string)
        2    0.000    0.000    0.000    0.000 api.py:433(_get_cached_btype)
       10    0.000    0.000    0.000    0.000 contextlib.py:534(callback)
     1760    0.000    0.000    0.000    0.000 cffi_opcode.py:4(__init__)
       22    0.000    0.000    0.000    0.000 ipaddress.py:1187(_ip_int_from_string)
       47    0.000    0.000    0.000    0.000 typing.py:1772(<genexpr>)
        1    0.000    0.000    0.000    0.000 _collections.py:1(<module>)
       35    0.000    0.000    0.000    0.000 ipaddress.py:1661(_ip_int_from_string)
        1    0.000    0.000    0.000    0.000 shlex.py:1(<module>)
      400    0.000    0.000    0.000    0.000 enum.py:58(_is_sunder)
        2    0.000    0.000    0.000    0.000 dir_util.py:46(mkpath)
        1    0.000    0.000    0.000    0.000 _adapters.py:1(<module>)
        3    0.000    0.000    0.000    0.000 windows.py:245(cleanup)
     1309    0.000    0.000    0.000    0.000 c_parser.py:2341(reset)
        1    0.000    0.000    0.000    0.000 {built-in method _welpy_cffi.xkb_context_unref}
        1    0.000    0.000    0.000    0.000 __init__.py:324(get_makefile_filename)
      946    0.000    0.000    0.000    0.000 c_ast.py:486(__init__)
        6    0.000    0.000    0.000    0.000 __init__.py:749(zip_children)
      829    0.000    0.000    0.000    0.000 {method 'lower' of 'str' objects}
        3    0.000    0.000    0.000    0.000 windows.py:256(_popup_owner)
        1    0.000    0.000    0.000    0.000 app.py:273(install_signals)
      257    0.000    0.000    0.000    0.000 {built-in method _imp.find_frozen}
        5    0.000    0.000    0.000    0.000 _local.py:634(absolute)
      547    0.000    0.000    0.000    0.000 contextlib.py:450(__exit__)
        1    0.000    0.000    0.000    0.000 _meta.py:1(<module>)
        1    0.000    0.000    0.000    0.000 dataclasses.py:1222(_add_slots)
      305    0.000    0.000    0.000    0.000 functools.py:66(wraps)
        2    0.000    0.000    0.000    0.000 _local.py:365(relative_to)
        2    0.000    0.000    0.000    0.000 __init__.py:186(_safe_realpath)
        1    0.000    0.000    0.000    0.000 __init__.py:460(get_path)
      157    0.000    0.000    0.000    0.000 dataclasses.py:865(_set_new_attribute)
        1    0.000    0.000    0.000    0.000 __init__.py:448(get_paths)
        1    0.000    0.000    0.000    0.000 __init__.py:269(_expand_vars)
      442    0.000    0.000    0.000    0.000 typing.py:1089(__eq__)
       13    0.000    0.000    0.000    0.000 <frozen posixpath>:229(expanduser)
       13    0.000    0.000    0.000    0.000 geometry.py:423(client_wants_fullscreen)
     1623    0.000    0.000    0.000    0.000 typing.py:2386(cast)
        6    0.000    0.000    0.000    0.000 __init__.py:309(__init__)
      693    0.000    0.000    0.000    0.000 {method 'get' of 'mappingproxy' objects}
     1130    0.000    0.000    0.000    0.000 c_ast.py:879(__init__)
      193    0.000    0.000    0.000    0.000 dataclasses.py:531(_field_init)
       85    0.000    0.000    0.000    0.000 _compiler.py:470(_get_charset_prefix)
       72    0.000    0.000    0.000    0.000 typing.py:1125(_is_unpacked_typevartuple)
        1    0.000    0.000    0.000    0.000 xwayland.py:93(on_ready)
        3    0.000    0.000    0.000    0.000 typing.py:1210(_generic_class_getitem)
       12    0.000    0.000    0.000    0.000 inspect.py:2012(_signature_get_user_defined_method)
        3    0.000    0.000    0.000    0.000 typing.py:580(__getitem__)
        1    0.000    0.000    0.000    0.000 commontypes.py:1(<module>)
        2    0.000    0.000    0.000    0.000 warnings.py:1(<module>)
       20    0.000    0.000    0.000    0.000 subprocess.py:1997(_handle_exitstatus)
      568    0.000    0.000    0.000    0.000 {method 'pop' of 'list' objects}
        1    0.000    0.000    0.000    0.000 model.py:22(Layer)
      123    0.000    0.000    0.000    0.000 recompiler.py:70(as_c_expr)
        9    0.000    0.000    0.000    0.000 layout.py:239(_collapse)
        1    0.000    0.000    0.000    0.000 readers.py:23(__init__)
       18    0.000    0.000    0.000    0.000 <frozen _collections_abc>:815(__contains__)
       13    0.000    0.000    0.000    0.000 {built-in method _welpy_cffi.welpy_extws_send_workspace_leave}
       12    0.000    0.000    0.000    0.000 __init__.py:427(<genexpr>)
        5    0.000    0.000    0.000    0.000 enum.py:1460(_missing_)
      6/2    0.000    0.000    0.000    0.000 model.py:56(get_cached_btype)
        1    0.000    0.000    0.000    0.000 ast_transforms.py:1(<module>)
        6    0.000    0.000    0.000    0.000 __init__.py:146(make)
       30    0.000    0.000    0.000    0.000 reprlib.py:12(decorating_function)
        8    0.000    0.000    0.000    0.000 typing.py:2214(__init_subclass__)
        3    0.000    0.000    0.000    0.000 c_parser.py:1763(_parse_assignment_expression)
     1315    0.000    0.000    0.000    0.000 c_parser.py:2338(mark)
        2    0.000    0.000    0.000    0.000 functools.py:800(_find_impl)
       75    0.000    0.000    0.000    0.000 typing.py:1373(__getattr__)
      796    0.000    0.000    0.000    0.000 weakref.py:369(remove)
       30    0.000    0.000    0.000    0.000 dataclasses.py:407(_fields_in_init_order)
        1    0.000    0.000    0.000    0.000 app.py:369(key_bindings)
        4    0.000    0.000    0.000    0.000 random.py:119(__init__)
       15    0.000    0.000    0.000    0.000 contextlib.py:276(contextmanager)
        5    0.000    0.000    0.000    0.000 typing.py:2418(get_type_hints)
        1    0.000    0.000    0.000    0.000 ext_workspace.py:241(_register_externs)
       75    0.000    0.000    0.000    0.000 {method 'format' of 'str' objects}
      260    0.000    0.000    0.000    0.000 {built-in method _imp.is_builtin}
        1    0.000    0.000    0.000    0.000 configparser.py:396(BasicInterpolation)
      6/2    0.000    0.000    0.000    0.000 _local.py:717(mkdir)
      412    0.000    0.000    0.000    0.000 {method 'setdefault' of 'dict' objects}
        1    0.000    0.000    0.000    0.000 focus.py:162(active_container)
        3    0.000    0.000    0.000    0.000 typing.py:812(Literal)
        1    0.000    0.000    0.000    0.000 __init__.py:61(Sectioned)
        2    0.000    0.000    0.000    0.000 __init__.py:114(_getuserbase)
      614    0.000    0.000    0.000    0.000 {built-in method _thread.get_ident}
        4    0.000    0.000    0.000    0.000 app.py:180(<lambda>)
        2    0.000    0.000    0.000    0.000 c_parser.py:1180(_parse_enum_specifier)
       56    0.000    0.000    0.000    0.000 ipaddress.py:533(_split_addr_prefix)
        1    0.000    0.000    0.000    0.000 recompiler.py:995(_add_missing_struct_unions)
       15    0.000    0.000    0.000    0.000 __init__.py:197(_is_internal_frame)
        4    0.000    0.000    0.000    0.000 __init__.py:1491(setLevel)
        4    0.000    0.000    0.000    0.000 layout.py:72(container_of)
        2    0.000    0.000    0.000    0.000 functools.py:758(_compose_mro)
        4    0.000    0.000    0.000    0.000 __init__.py:102(remove)
        4    0.000    0.000    0.000    0.000 random.py:128(seed)
       14    0.000    0.000    0.000    0.000 {built-in method _welpy_cffi.welpy_extws_create_handle}
      246    0.000    0.000    0.000    0.000 __init__.py:102(section_pairs)
       93    0.000    0.000    0.000    0.000 {built-in method builtins.delattr}
      256    0.000    0.000    0.000    0.000 _compiler.py:573(isstring)
        1    0.000    0.000    0.000    0.000 _adapters.py:40(CompatibilityFiles)
        9    0.000    0.000    0.000    0.000 <frozen os>:720(__setitem__)
       12    0.000    0.000    0.000    0.000 recompiler.py:1296(_generate_cpy_extern_python_ctx)
       19    0.000    0.000    0.000    0.000 <frozen posixpath>:100(split)
        3    0.000    0.000    0.000    0.000 c_parser.py:1779(_parse_conditional_expression)
        1    0.000    0.000    0.000    0.000 build_py.py:17(build_py)
        1    0.000    0.000    0.000    0.000 textwrap.py:419(dedent)
        6    0.000    0.000    0.000    0.000 __init__.py:88(__init__)
       12    0.000    0.000    0.000    0.000 {built-in method def_extern_decorator}
        1    0.000    0.000    0.000    0.000 configparser.py:631(__init__)
      198    0.000    0.000    0.000    0.000 recompiler.py:988(_check_not_opaque)
      794    0.000    0.000    0.000    0.000 c_parser.py:442(_select_struct_union_class)
       19    0.000    0.000    0.000    0.000 {built-in method _welpy_cffi.wlr_input_method_v2_send_surrounding_text}
       70    0.000    0.000    0.000    0.000 cparser.py:872(_make_partial)
       30    0.000    0.000    0.000    0.000 <string>:11(__eq__)
        3    0.000    0.000    0.000    0.000 c_parser.py:1789(_parse_binary_expression)
        4    0.000    0.000    0.000    0.000 __init__.py:89(add_signal)
        1    0.000    0.000    0.000    0.000 sysconfig.py:95(_python_build)
        1    0.000    0.000    0.000    0.000 build_ext.py:759(get_libraries)
        1    0.000    0.000    0.000    0.000 session_lock.py:146(create_background)
        3    0.000    0.000    0.000    0.000 base.py:541(detect_language)
        1    0.000    0.000    0.000    0.000 cffi_opcode.py:1(<module>)
       88    0.000    0.000    0.000    0.000 ipaddress.py:1213(_parse_octet)
        8    0.000    0.000    0.000    0.000 recompiler.py:1385(_emit_bytecode_FunctionPtrType)
        1    0.000    0.000    0.000    0.000 {method 'disable' of '_lsprof.Profiler' objects}
        2    0.000    0.000    0.000    0.000 tempfile.py:154(__next__)
       32    0.000    0.000    0.000    0.000 <frozen importlib._bootstrap_external>:727(_validate_timestamp_pyc)
        1    0.000    0.000    0.000    0.000 sysconfig.py:59(_is_python_source_dir)
      124    0.000    0.000    0.000    0.000 model.py:351(__init__)
      126    0.000    0.000    0.000    0.000 <frozen _collections_abc>:873(__iter__)
        1    0.000    0.000    0.000    0.000 base.py:1359(gen_lib_options)
       18    0.000    0.000    0.000    0.000 enum.py:947(_get_mixins_)
        3    0.000    0.000    0.000    0.000 {built-in method builtins.dir}
       35    0.000    0.000    0.000    0.000 {method 'rfind' of 'bytes' objects}
      101    0.000    0.000    0.000    0.000 <frozen os>:856(fsdecode)
       72    0.000    0.000    0.000    0.000 <frozen codecs>:322(decode)
      246    0.000    0.000    0.000    0.000 {method 'splitlines' of 'str' objects}
      144    0.000    0.000    0.000    0.000 {method 'release' of '_thread.lock' objects}
        1    0.000    0.000    0.000    0.000 abc.py:62(Traversable)
        1    0.000    0.000    0.000    0.000 cparser.py:480(_process_macros)
        3    0.000    0.000    0.000    0.000 build_ext.py:718(get_ext_filename)
       10    0.000    0.000    0.000    0.000 {built-in method _welpy_cffi.welpy_text_input_enable}
      324    0.000    0.000    0.000    0.000 dataclasses.py:691(_is_classvar)
      794    0.000    0.000    0.000    0.000 c_ast.py:1079(__init__)
        3    0.000    0.000    0.000    0.000 c_parser.py:1823(_parse_cast_expression)
        4    0.000    0.000    0.000    0.000 dist.py:371(_gen_paths)
        1    0.000    0.000    0.000    0.000 {built-in method _welpy_cffi.wl_display_add_socket_auto}
        1    0.000    0.000    0.000    0.000 app.py:331(terminate)
        1    0.000    0.000    0.000    0.000 quoprimime.py:1(<module>)
        1    0.000    0.000    0.000    0.000 text_input.py:20(create)
       14    0.000    0.000    0.000    0.000 {built-in method _welpy_cffi.welpy_extws_send_workspace}
     14/2    0.000    0.000    0.000    0.000 functools.py:713(_c3_mro)
      330    0.000    0.000    0.000    0.000 _local.py:298(root)
       15    0.000    0.000    0.000    0.000 ext_workspace.py:221(_find_group)
        1    0.000    0.000    0.000    0.000 configparser.py:468(ExtendedInterpolation)
        4    0.000    0.000    0.000    0.000 __init__.py:1447(_clear_cache)
        3    0.000    0.000    0.000    0.000 log.py:26(set_threshold)
       18    0.000    0.000    0.000    0.000 {method 'acquire' of '_thread.RLock' objects}
      184    0.000    0.000    0.000    0.000 <frozen importlib._bootstrap_external>:755(_validate_hash_pyc)
        2    0.000    0.000    0.000    0.000 xwayland.py:129(<lambda>)
        1    0.000    0.000    0.000    0.000 {built-in method _imp.get_frozen_object}
        5    0.000    0.000    0.000    0.000 __init__.py:683(formatMessage)
        1    0.000    0.000    0.000    0.000 _sysconfigdata__linux_x86_64-linux-gnu.py:1(<module>)
       31    0.000    0.000    0.000    0.000 <frozen abc>:110(register)
      302    0.000    0.000    0.000    0.000 {built-in method _weakref._remove_dead_weakref}
        6    0.000    0.000    0.000    0.000 functools.py:826(singledispatch)
      480    0.000    0.000    0.000    0.000 __init__.py:866(__bool__)
      337    0.000    0.000    0.000    0.000 {method 'partition' of 'str' objects}
        6    0.000    0.000    0.000    0.000 __init__.py:1344(__init__)
        6    0.000    0.000    0.000    0.000 <frozen importlib._bootstrap_external>:1572(find_distributions)
        1    0.000    0.000    0.000    0.000 text_input.py:85(<lambda>)
      503    0.000    0.000    0.000    0.000 {built-in method from_iterable}
        9    0.000    0.000    0.000    0.000 geometry.py:341(<lambda>)
      266    0.000    0.000    0.000    0.000 <frozen importlib._bootstrap>:599(__init__)
        4    0.000    0.000    0.000    0.000 {function Random.seed at 0x7e00e44a5260}
      704    0.000    0.000    0.000    0.000 c_ast.py:1013(__init__)
       31    0.000    0.000    0.000    0.000 <frozen importlib._bootstrap_external>:169(_path_isdir)
       38    0.000    0.000    0.000    0.000 {built-in method sys.exception}
        6    0.000    0.000    0.000    0.000 abc.py:41(_register)
        4    0.000    0.000    0.000    0.000 glob.py:213(_listdir)
        4    0.000    0.000    0.000    0.000 inspect.py:2118(_signature_bound_method)
       47    0.000    0.000    0.000    0.000 recipes.py:960(sieve)
        8    0.000    0.000    0.000    0.000 typing.py:2088(__init__)
        3    0.000    0.000    0.000    0.000 c_parser.py:1844(_parse_unary_expression)
        9    0.000    0.000    0.000    0.000 {built-in method _welpy_cffi.wlr_xdg_toplevel_set_tiled}
        1    0.000    0.000    0.000    0.000 app.py:181(<lambda>)
        1    0.000    0.000    0.000    0.000 _local.py:664(resolve)
      128    0.000    0.000    0.000    0.000 _parser.py:954(fix_flags)
        1    0.000    0.000    0.000    0.000 configparser.py:1341(__init__)
        6    0.000    0.000    0.000    0.000 <frozen genericpath>:36(isfile)
        1    0.000    0.000    0.000    0.000 configparser.py:1331(ConverterMapping)
        3    0.000    0.000    0.000    0.000 sysconfig.py:65(<genexpr>)
        5    0.000    0.000    0.000    0.000 {built-in method _welpy_cffi.wl_event_source_remove}
       31    0.000    0.000    0.000    0.000 {built-in method _abc._abc_register}
      105    0.000    0.000    0.000    0.000 {built-in method _warnings._filters_mutated}
        2    0.000    0.000    0.000    0.000 __init__.py:123(joinuser)
       67    0.000    0.000    0.000    0.000 c_parser.py:167(_lex_on_rbrace_func)
        1    0.000    0.000    0.000    0.000 bdist.py:1(<module>)
        6    0.000    0.000    0.000    0.000 __init__.py:963(distributions)
        2    0.000    0.000    0.000    0.000 xwayland.py:174(unmanaged_cleanup)
      366    0.000    0.000    0.000    0.000 _compiler.py:31(_combine_flags)
        9    0.000    0.000    0.000    0.000 recompiler.py:648(_generate_cpy_typedef_ctx)
       89    0.000    0.000    0.000    0.000 {method 'insert' of 'list' objects}
        1    0.000    0.000    0.000    0.000 __init__.py:261(_extend_dict)
        1    0.000    0.000    0.000    0.000 text_input.py:244(input_method_destroy)
       17    0.000    0.000    0.000    0.000 inspect.py:2768(__init__)
        5    0.000    0.000    0.000    0.000 __init__.py:470(format)
      126    0.000    0.000    0.000    0.000 <frozen os>:735(__iter__)
       14    0.000    0.000    0.000    0.000 {built-in method _welpy_cffi.welpy_extws_send_coordinates}
        3    0.000    0.000    0.000    0.000 c_parser.py:1876(_parse_postfix_expression)
        1    0.000    0.000    0.000    0.000 __init__.py:65(add_timer)
       48    0.000    0.000    0.000    0.000 typing.py:2711(overload)
        2    0.000    0.000    0.000    0.000 c_parser.py:1063(_parse_init_declarator)
        2    0.000    0.000    0.000    0.000 build_py.py:46(finalize_options)
       19    0.000    0.000    0.000    0.000 functools.py:504(lru_cache)
       45    0.000    0.000    0.000    0.000 recompiler.py:1161(_generate_cpy_macro_ctx)
       15    0.000    0.000    0.000    0.000 sysconfig.py:578(get_config_var)
        8    0.000    0.000    0.000    0.000 inspect.py:3056(__init__)
        1    0.000    0.000    0.000    0.000 _colorize.py:1(<module>)
       84    0.000    0.000    0.000    0.000 enum.py:765(__delattr__)
       10    0.000    0.000    0.000    0.000 text_input.py:518(_set_pending_surface)
       14    0.000    0.000    0.000    0.000 {built-in method _welpy_cffi.welpy_extws_send_id}
       34    0.000    0.000    0.000    0.000 typing.py:351(_deduplicate)
      136    0.000    0.000    0.000    0.000 typing.py:1780(__eq__)
        7    0.000    0.000    0.000    0.000 <frozen os>:811(getenv)
       66    0.000    0.000    0.000    0.000 __init__.py:26(__new__)
       13    0.000    0.000    0.000    0.000 __init__.py:1410(_fixupParents)
      108    0.000    0.000    0.000    0.000 recompiler.py:1379(_emit_bytecode_PointerType)
        1    0.000    0.000    0.000    0.000 model.py:561(unknown_type)
        1    0.000    0.000    0.000    0.000 layout.py:33(Direction)
       35    0.000    0.000    0.000    0.000 warnings.py:462(__init__)
        2    0.000    0.000    0.000    0.000 tempfile.py:143(rng)
        2    0.000    0.000    0.000    0.000 <frozen _collections_abc>:1037(__contains__)
      214    0.000    0.000    0.000    0.000 typing.py:1452(__eq__)
        5    0.000    0.000    0.000    0.000 model.py:590(global_cache)
        3    0.000    0.000    0.000    0.000 _reqs.py:38(parse)
        1    0.000    0.000    0.000    0.000 response.py:1(<module>)
       45    0.000    0.000    0.000    0.000 model.py:273(client_monitor)
       18    0.000    0.000    0.000    0.000 enum.py:988(_find_data_type_)
        1    0.000    0.000    0.000    0.000 c_parser.py:1197(_parse_enumerator_list)
      162    0.000    0.000    0.000    0.000 commontypes.py:27(resolve_common_type)
       17    0.000    0.000    0.000    0.000 {built-in method posix.lstat}
       11    0.000    0.000    0.000    0.000 typing.py:1271(_generic_init_subclass)
       16    0.000    0.000    0.000    0.000 enum.py:1450(_iter_member_by_def_)
        2    0.000    0.000    0.000    0.000 _abc.py:476(is_file)
       36    0.000    0.000    0.000    0.000 _compiler.py:410(_generate_overlap_table)
      324    0.000    0.000    0.000    0.000 dataclasses.py:699(_is_initvar)
      267    0.000    0.000    0.000    0.000 {built-in method _thread.allocate_lock}
       35    0.000    0.000    0.000    0.000 ipaddress.py:1641(_make_netmask)
        3    0.000    0.000    0.000    0.000 _reqs.py:23(parse_strings)
        9    0.000    0.000    0.000    0.000 focus.py:206(drop_ime_popups_for_scene_tree)
        5    0.000    0.000    0.000    0.000 __init__.py:463(_format)
        2    0.000    0.000    0.000    0.000 model.py:273(build_backend_type)
      336    0.000    0.000    0.000    0.000 {built-in method builtins.issubclass}
      123    0.000    0.000    0.000    0.000 recompiler.py:1403(_emit_bytecode_StructType)
        1    0.000    0.000    0.000    0.000 <frozen os>:44(_get_exports_list)
       14    0.000    0.000    0.000    0.000 {built-in method _welpy_cffi.welpy_extws_send_handle_capabilities}
      216    0.000    0.000    0.000    0.000 {built-in method _imp._fix_co_filename}
        1    0.000    0.000    0.000    0.000 dist.py:179(check_requirements)
        4    0.000    0.000    0.000    0.000 typing.py:1942(_get_protocol_attrs)
      123    0.000    0.000    0.000    0.000 recompiler.py:1344(_emit_bytecode_PrimitiveType)
        1    0.000    0.000    0.000    0.000 layout.py:27(ContainerLayout)
      130    0.000    0.000    0.000    0.000 {method 'translate' of 'bytearray' objects}
       83    0.000    0.000    0.000    0.000 <frozen posixpath>:53(normcase)
       69    0.000    0.000    0.000    0.000 <frozen codecs>:312(__init__)
      433    0.000    0.000    0.000    0.000 c_ast.py:1235(__init__)
        1    0.000    0.000    0.000    0.000 specifiers.py:53(_BoundaryKind)
        1    0.000    0.000    0.000    0.000 _compression.py:1(<module>)
        6    0.000    0.000    0.000    0.000 __init__.py:411(discover)
        1    0.000    0.000    0.000    0.000 c_lexer.py:562(_RegexAction)
       70    0.000    0.000    0.000    0.000 model.py:50(has_c_name)
      547    0.000    0.000    0.000    0.000 contextlib.py:444(__init__)
       10    0.000    0.000    0.000    0.000 enum.py:1221(_add_alias_)
      494    0.000    0.000    0.000    0.000 {built-in method _io.text_encoding}
        3    0.000    0.000    0.000    0.000 __init__.py:16(<lambda>)
        1    0.000    0.000    0.000    0.000 filelist.py:1(<module>)
       14    0.000    0.000    0.000    0.000 {built-in method _welpy_cffi.welpy_extws_send_workspace_enter}
       14    0.000    0.000    0.000    0.000 functools.py:867(_is_union_type)
        1    0.000    0.000    0.000    0.000 ext_workspace.py:92(destroy)
       43    0.000    0.000    0.000    0.000 _collections.py:20(__missing__)
       72    0.000    0.000    0.000    0.000 {method 'translate' of 'str' objects}
        1    0.000    0.000    0.000    0.000 <frozen _collections_abc>:979(update)
        9    0.000    0.000    0.000    0.000 geometry.py:430(client_wants_float)
     11/8    0.000    0.000    0.000    0.000 <frozen importlib._bootstrap_external>:1395(__iter__)
       77    0.000    0.000    0.000    0.000 signal.py:9(<lambda>)
        4    0.000    0.000    0.000    0.000 dataclasses.py:668(_frozen_get_del_attr)
        2    0.000    0.000    0.000    0.000 warnings.py:576(__call__)
        8    0.000    0.000    0.000    0.000 inspect.py:1827(getattr_static)
        9    0.000    0.000    0.000    0.000 recompiler.py:638(_generate_cpy_typedef_collecttype)
        5    0.000    0.000    0.000    0.000 util.py:49(get_platform)
        2    0.000    0.000    0.000    0.000 __init__.py:931(__init__)
       67    0.000    0.000    0.000    0.000 c_parser.py:164(_lex_on_lbrace_func)
       32    0.000    0.000    0.000    0.000 glob.py:179(_iterdir)
        5    0.000    0.000    0.000    0.000 __init__.py:167(<lambda>)
        5    0.000    0.000    0.000    0.000 __init__.py:1131(flush)
        1    0.000    0.000    0.000    0.000 cparser.py:50(_get_parser)
        2    0.000    0.000    0.000    0.000 __init__.py:601(__init__)
       13    0.000    0.000    0.000    0.000 {built-in method _welpy_cffi.welpy_extws_send_handle_removed}
        1    0.000    0.000    0.000    0.000 xwayland.py:111(on_associate)
       76    0.000    0.000    0.000    0.000 subprocess.py:1327(_on_error_fd_closer)
        9    0.000    0.000    0.000    0.000 recompiler.py:644(_typedef_ctx)
        3    0.000    0.000    0.000    0.000 __init__.py:19(_install)
      261    0.000    0.000    0.000    0.000 inspect.py:762(getmro)
        4    0.000    0.000    0.000    0.000 {built-in method _welpy_cffi.wl_event_loop_add_signal}
       67    0.000    0.000    0.000    0.000 c_parser.py:127(_pop_scope)
        1    0.000    0.000    0.000    0.000 __init__.py:1120(__init__)
      264    0.000    0.000    0.000    0.000 <frozen importlib._bootstrap>:412(__init__)
        1    0.000    0.000    0.000    0.000 __init__.py:220(is_python_build)
        1    0.000    0.000    0.000    0.000 dist.py:77(Distribution)
       43    0.000    0.000    0.000    0.000 typing.py:2543(get_origin)
        1    0.000    0.000    0.000    0.000 {built-in method posix.open}
        1    0.000    0.000    0.000    0.000 c_parser.py:27(Coord)
      357    0.000    0.000    0.000    0.000 model.py:171(is_complex_type)
    35/31    0.000    0.000    0.000    0.000 typing.py:1788(__hash__)
        5    0.000    0.000    0.000    0.000 util.py:35(get_host_platform)
    69/44    0.000    0.000    0.000    0.000 typing.py:1458(__hash__)
        9    0.000    0.000    0.000    0.000 enum.py:1015(_find_new_)
       57    0.000    0.000    0.000    0.000 recipes.py:919(iter_index)
        1    0.000    0.000    0.000    0.000 model.py:317(build_backend_type)
       56    0.000    0.000    0.000    0.000 ipaddress.py:156(_split_optional_netmask)
        4    0.000    0.000    0.000    0.000 <frozen posixpath>:373(abspath)
       47    0.000    0.000    0.000    0.000 {built-in method sys.audit}
       20    0.000    0.000    0.000    0.000 inspect.py:768(unwrap)
        1    0.000    0.000    0.000    0.000 dist.py:689(_set_command_options)
      193    0.000    0.000    0.000    0.000 dataclasses.py:591(_init_param)
       25    0.000    0.000    0.000    0.000 _local.py:174(_str_normcase)
        1    0.000    0.000    0.000    0.000 _policybase.py:99(_extend_docstrings)
        5    0.000    0.000    0.000    0.000 __init__.py:391(getMessage)
      547    0.000    0.000    0.000    0.000 contextlib.py:447(__enter__)
        5    0.000    0.000    0.000    0.000 __init__.py:677(usesTime)
     15/9    0.000    0.000    0.000    0.000 <frozen importlib._bootstrap_external>:1381(_recalculate)
        6    0.000    0.000    0.000    0.000 __init__.py:871(find_distributions)
        1    0.000    0.000    0.000    0.000 {built-in method _welpy_cffi.wlr_renderer_init_wl_shm}
        7    0.000    0.000    0.000    0.000 <frozen _collections_abc>:1027(__iter__)
        1    0.000    0.000    0.000    0.000 _elffile.py:32(EMachine)
       29    0.000    0.000    0.000    0.000 typing.py:3134(_get_typeddict_qualifiers)
       10    0.000    0.000    0.000    0.000 _local.py:193(__eq__)
       21    0.000    0.000    0.000    0.000 ipaddress.py:1161(_make_netmask)
      302    0.000    0.000    0.000    0.000 <frozen importlib._bootstrap>:158(__init__)
       11    0.000    0.000    0.000    0.000 libinput.py:121(_enum)
      361    0.000    0.000    0.000    0.000 c_ast.py:788(__init__)
       30    0.000    0.000    0.000    0.000 <string>:10(__eq__)
       10    0.000    0.000    0.000    0.000 contextlib.py:552(_push_exit_callback)
        1    0.000    0.000    0.000    0.000 <frozen importlib._bootstrap_external>:1006(is_package)
      405    0.000    0.000    0.000    0.000 recompiler.py:15(__init__)
        1    0.000    0.000    0.000    0.000 requirements.py:1(<module>)
        1    0.000    0.000    0.000    0.000 unix.py:161(_fix_lib_args)
       41    0.000    0.000    0.000    0.000 fancy_getopt.py:443(translate_longopt)
      193    0.000    0.000    0.000    0.000 dataclasses.py:519(_field_assign)
        5    0.000    0.000    0.000    0.000 __init__.py:589(get_platform)
       17    0.000    0.000    0.000    0.000 functools.py:871(_is_valid_dispatch_type)
      361    0.000    0.000    0.000    0.000 c_ast.py:993(__init__)
       14    0.000    0.000    0.000    0.000 functools.py:686(_c3_merge)
        3    0.000    0.000    0.000    0.000 cmd.py:75(__init__)
        9    0.000    0.000    0.000    0.000 {built-in method posix.putenv}
        9    0.000    0.000    0.000    0.000 {built-in method _welpy_cffi.welpy_xdg_toplevel_destroy}
        1    0.000    0.000    0.000    0.000 util.py:1(<module>)
        1    0.000    0.000    0.000    0.000 _common.py:80(_)
      128    0.000    0.000    0.000    0.000 _parser.py:76(__init__)
       31    0.000    0.000    0.000    0.000 __init__.py:305(escape)
       47    0.000    0.000    0.000    0.000 ipaddress.py:1774(_parse_hextet)
        5    0.000    0.000    0.000    0.000 _local.py:44(__getitem__)
       23    0.000    0.000    0.000    0.000 _parser.py:894(_parse_flags)
      246    0.000    0.000    0.000    0.000 typing.py:1442(<genexpr>)
       61    0.000    0.000    0.000    0.000 _parser.py:303(checkgroupname)
        1    0.000    0.000    0.000    0.000 c_parser.py:62(__init__)
       90    0.000    0.000    0.000    0.000 _collections.py:23(freeze)
        1    0.000    0.000    0.000    0.000 {built-in method posix.unlink}
        1    0.000    0.000    0.000    0.000 _path.py:1(<module>)
        6    0.000    0.000    0.000    0.000 typing.py:1224(<genexpr>)
        3    0.000    0.000    0.000    0.000 functools.py:887(<lambda>)
        1    0.000    0.000    0.000    0.000 _parseaddr.py:1(<module>)
      127    0.000    0.000    0.000    0.000 ssl.py:125(<lambda>)
        5    0.000    0.000    0.000    0.000 functools.py:189(total_ordering)
       14    0.000    0.000    0.000    0.000 __init__.py:1478(__init__)
        1    0.000    0.000    0.000    0.000 _core_metadata.py:1(<module>)
        3    0.000    0.000    0.000    0.000 typing.py:1464(__ror__)
      194    0.000    0.000    0.000    0.000 recompiler.py:196(_enum_fields)
      169    0.000    0.000    0.000    0.000 dataclasses.py:288(__init__)
      236    0.000    0.000    0.000    0.000 _compiler.py:431(_get_iscased)
       20    0.000    0.000    0.000    0.000 typing.py:1757(<genexpr>)
        2    0.000    0.000    0.000    0.000 __init__.py:458(validate)
        2    0.000    0.000    0.000    0.000 libinput.py:1(<module>)
        1    0.000    0.000    0.000    0.000 dist.py:734(_get_project_config_files)
        1    0.000    0.000    0.000    0.000 threading.py:1353(__init__)
      324    0.000    0.000    0.000    0.000 dataclasses.py:705(_is_kw_only)
        1    0.000    0.000    0.000    0.000 _elffile.py:22(EIClass)
      347    0.000    0.000    0.000    0.000 _local.py:307(_tail)
      217    0.000    0.000    0.000    0.000 <frozen importlib._bootstrap_external>:1181(__init__)
        4    0.000    0.000    0.000    0.000 __init__.py:425(pass_none)
      285    0.000    0.000    0.000    0.000 model.py:167(is_integer_type)
        1    0.000    0.000    0.000    0.000 ssl.py:415(Purpose)
        8    0.000    0.000    0.000    0.000 __init__.py:252(_subst_vars)
        8    0.000    0.000    0.000    0.000 inspect.py:1788(_check_class)
        2    0.000    0.000    0.000    0.000 c_parser.py:1208(_parse_enumerator)
       14    0.000    0.000    0.000    0.000 {built-in method _welpy_cffi.welpy_extws_send_name}
        1    0.000    0.000    0.000    0.000 abc.py:16(ResourceReader)
       67    0.000    0.000    0.000    0.000 c_parser.py:124(_push_scope)
        8    0.000    0.000    0.000    0.000 {built-in method posix.getpid}
       15    0.000    0.000    0.000    0.000 {method 'new_handle' of '_cffi_backend.FFI' objects}
      162    0.000    0.000    0.000    0.000 {method 'isidentifier' of 'str' objects}
      127    0.000    0.000    0.000    0.000 ssl.py:130(<lambda>)
        2    0.000    0.000    0.000    0.000 dist.py:788(<lambda>)
        6    0.000    0.000    0.000    0.000 <frozen os>:1127(__subclasshook__)
      538    0.000    0.000    0.000    0.000 recompiler.py:259(<lambda>)
        8    0.000    0.000    0.000    0.000 {built-in method posix.getcwd}
      127    0.000    0.000    0.000    0.000 ssl.py:135(<lambda>)
       46    0.000    0.000    0.000    0.000 {method 'groups' of 're.Match' objects}
        1    0.000    0.000    0.000    0.000 build.py:67(finalize_options)
       16    0.000    0.000    0.000    0.000 sysconfig.py:553(get_config_vars)
        2    0.000    0.000    0.000    0.000 output.py:1(<module>)
        2    0.000    0.000    0.000    0.000 dist.py:374(_finalize_requires)
        9    0.000    0.000    0.000    0.000 {built-in method _welpy_cffi.welpy_xdg_decoration_request_mode}
        1    0.000    0.000    0.000    0.000 build_ext.py:251(get_export_symbols)
      127    0.000    0.000    0.000    0.000 ssl.py:150(<lambda>)
      127    0.000    0.000    0.000    0.000 ssl.py:140(<lambda>)
        3    0.000    0.000    0.000    0.000 {built-in method _welpy_cffi.wlr_xdg_popup_unconstrain_from_box}
        6    0.000    0.000    0.000    0.000 _local.py:148(__truediv__)
       40    0.000    0.000    0.000    0.000 __init__.py:732(__new__)
        7    0.000    0.000    0.000    0.000 _compiler.py:394(_bytes_to_codes)
       18    0.000    0.000    0.000    0.000 <frozen importlib._bootstrap_external>:1377(_get_parent_path)
      260    0.000    0.000    0.000    0.000 <frozen importlib._bootstrap>:653(has_location)
       10    0.000    0.000    0.000    0.000 __init__.py:840(filter)
      240    0.000    0.000    0.000    0.000 __init__.py:736(__init__)
        4    0.000    0.000    0.000    0.000 inspect.py:3124(replace)
      227    0.000    0.000    0.000    0.000 {built-in method _sre.unicode_iscased}
        5    0.000    0.000    0.000    0.000 _local.py:186(__hash__)
      127    0.000    0.000    0.000    0.000 ssl.py:145(<lambda>)
       30    0.000    0.000    0.000    0.000 <frozen abc>:146(update_abstractmethods)
       28    0.000    0.000    0.000    0.000 {method '__exit__' of '_thread.lock' objects}
       10    0.000    0.000    0.000    0.000 subprocess.py:1249(poll)
       72    0.000    0.000    0.000    0.000 {built-in method _codecs.utf_8_decode}
        1    0.000    0.000    0.000    0.000 model.py:91(build_backend_type)
        1    0.000    0.000    0.000    0.000 xwayland.py:120(on_dissociate)
        5    0.000    0.000    0.000    0.000 __init__.py:455(usesTime)
        1    0.000    0.000    0.000    0.000 log.py:1(<module>)
        6    0.000    0.000    0.000    0.000 __init__.py:1751(getEffectiveLevel)
      224    0.000    0.000    0.000    0.000 <frozen importlib._bootstrap_external>:1601(<genexpr>)
        1    0.000    0.000    0.000    0.000 {built-in method _welpy_cffi.wlr_single_pixel_buffer_manager_v1_create}
        2    0.000    0.000    0.000    0.000 <frozen importlib._bootstrap_external>:1798(_get_supported_file_loaders)
        3    0.000    0.000    0.000    0.000 c_parser.py:1926(_parse_primary_expression)
        1    0.000    0.000    0.000    0.000 build_py.py:341(_IncludePackageDataAbuse)
        4    0.000    0.000    0.000    0.000 inspect.py:2144(_signature_is_builtin)
        1    0.000    0.000    0.000    0.000 __future__.py:1(<module>)
        1    0.000    0.000    0.000    0.000 recompiler.py:1466(_modname_to_file)
      291    0.000    0.000    0.000    0.000 {built-in method _sre.ascii_iscased}
        3    0.000    0.000    0.000    0.000 <frozen importlib._bootstrap>:997(exec_module)
       10    0.000    0.000    0.000    0.000 {built-in method _welpy_cffi.welpy_text_input_commit}
       57    0.000    0.000    0.000    0.000 typing.py:1115(_rewrite_star_unpack)
        2    0.000    0.000    0.000    0.000 session_lock.py:1(<module>)
        4    0.000    0.000    0.000    0.000 platform.py:1066(system)
        4    0.000    0.000    0.000    0.000 <frozen genericpath>:48(isdir)
      284    0.000    0.000    0.000    0.000 {built-in method _sre.ascii_tolower}
      335    0.000    0.000    0.000    0.000 enum.py:1218(__init__)
        1    0.000    0.000    0.000    0.000 _elffile.py:27(EIData)
        1    0.000    0.000    0.000    0.000 {built-in method _welpy_cffi.xkb_context_new}
        1    0.000    0.000    0.000    0.000 {built-in method _welpy_cffi.wl_event_loop_add_timer}
        1    0.000    0.000    0.000    0.000 build_ext.py:38(build_ext)
        1    0.000    0.000    0.000    0.000 getopt.py:1(<module>)
       31    0.000    0.000    0.000    0.000 <frozen _collections_abc>:439(__subclasshook__)
        3    0.000    0.000    0.000    0.000 _abc.py:460(is_dir)
        1    0.000    0.000    0.000    0.000 version.py:394(__init__)
        2    0.000    0.000    0.000    0.000 inspect.py:439(iscoroutinefunction)
       24    0.000    0.000    0.000    0.000 {method 'find' of 'str' objects}
        1    0.000    0.000    0.000    0.000 base.py:486(_fix_lib_args)
        2    0.000    0.000    0.000    0.000 dist.py:393(_normalize_requires)
       10    0.000    0.000    0.000    0.000 contextlib.py:481(_exit_wrapper)
        1    0.000    0.000    0.000    0.000 tempfile.py:157(_candidate_tempdir_list)
      258    0.000    0.000    0.000    0.000 __init__.py:900(__init__)
        1    0.000    0.000    0.000    0.000 util.py:165(check_environ)
       16    0.000    0.000    0.000    0.000 enum.py:1440(_iter_member_by_value_)
        9    0.000    0.000    0.000    0.000 {built-in method _welpy_cffi.welpy_xdg_toplevel_request_maximize}
        2    0.000    0.000    0.000    0.000 _abc.py:222(with_suffix)
        1    0.000    0.000    0.000    0.000 base64.py:1(<module>)
        5    0.000    0.000    0.000    0.000 enum.py:796(__iter__)
        4    0.000    0.000    0.000    0.000 {built-in method _welpy_cffi.welpy_xwayland_surface_associate}
        1    0.000    0.000    0.000    0.000 bdist.py:48(bdist)
      119    0.000    0.000    0.000    0.000 {method 'lstrip' of 'str' objects}
        2    0.000    0.000    0.000    0.000 __init__.py:958(createLock)
      217    0.000    0.000    0.000    0.000 <frozen importlib._bootstrap_external>:1206(get_filename)
        1    0.000    0.000    0.000    0.000 base.py:51(Compiler)
        1    0.000    0.000    0.000    0.000 text_input.py:6(register)
        4    0.000    0.000    0.000    0.000 ssl.py:399(__new__)
        3    0.000    0.000    0.000    0.000 {built-in method _imp.exec_builtin}
        1    0.000    0.000    0.000    0.000 setupcfg.py:151(parse_configuration)
        5    0.000    0.000    0.000    0.000 __init__.py:129(getLevelName)
        1    0.000    0.000    0.000    0.000 __init__.py:374(_compile_template)
       26    0.000    0.000    0.000    0.000 ipaddress.py:474(_prefix_from_prefix_string)
        9    0.000    0.000    0.000    0.000 {built-in method _welpy_cffi.welpy_xdg_toplevel_request_fullscreen}
        1    0.000    0.000    0.000    0.000 {built-in method _welpy_cffi.wlr_compositor_create}
        1    0.000    0.000    0.000    0.000 dist.py:358(_normalize_version)
        9    0.000    0.000    0.000    0.000 enum.py:937(_check_for_existing_members_)
        9    0.000    0.000    0.000    0.000 {built-in method _welpy_cffi.welpy_xdg_decoration_destroy}
        1    0.000    0.000    0.000    0.000 {built-in method posix.write}
        4    0.000    0.000    0.000    0.000 dataclasses.py:886(_hash_add)
        2    0.000    0.000    0.000    0.000 text_input.py:1(<module>)
       52    0.000    0.000    0.000    0.000 enum.py:800(<genexpr>)
        1    0.000    0.000    0.000    0.000 discovery.py:336(__call__)
      101    0.000    0.000    0.000    0.000 {method '__contains__' of 'frozenset' objects}
       20    0.000    0.000    0.000    0.000 {built-in method posix.WIFSTOPPED}
        3    0.000    0.000    0.000    0.000 <frozen importlib._bootstrap>:989(create_module)
        1    0.000    0.000    0.000    0.000 ssl.py:978(SSLSocket)
        1    0.000    0.000    0.000    0.000 <frozen importlib._bootstrap_external>:1329(is_package)
        9    0.000    0.000    0.000    0.000 {built-in method _welpy_cffi.wlr_keyboard_from_input_device}
      181    0.000    0.000    0.000    0.000 dataclasses.py:411(<genexpr>)
       24    0.000    0.000    0.000    0.000 {built-in method posix._path_normpath}
        1    0.000    0.000    0.000    0.000 __init__.py:80(remove)
        1    0.000    0.000    0.000    0.000 render.py:5(register)
      183    0.000    0.000    0.000    0.000 {built-in method _sre.unicode_tolower}
       10    0.000    0.000    0.000    0.000 {built-in method _welpy_cffi.welpy_text_input_disable}
        1    0.000    0.000    0.000    0.000 tarfile.py:869(TarInfo)
        9    0.000    0.000    0.000    0.000 core.py:109(<genexpr>)
        2    0.000    0.000    0.000    0.000 random.py:458(choices)
      8/7    0.000    0.000    0.000    0.000 typing.py:463(_eval_type)
       13    0.000    0.000    0.000    0.000 {built-in method _functools.reduce}
        5    0.000    0.000    0.000    0.000 threading.py:1430(current_thread)
        9    0.000    0.000    0.000    0.000 enum.py:347(__init__)
        1    0.000    0.000    0.000    0.000 {built-in method _welpy_cffi.wlr_relative_pointer_manager_v1_create}
        1    0.000    0.000    0.000    0.000 dist.py:242(Distribution)
        1    0.000    0.000    0.000    0.000 subprocess.py:701(_use_posix_spawn)
        1    0.000    0.000    0.000    0.000 ipaddress.py:1280(IPv4Address)
        6    0.000    0.000    0.000    0.000 __init__.py:886(_search_paths)
        1    0.000    0.000    0.000    0.000 {built-in method _welpy_cffi.wlr_scene_output_create}
        2    0.000    0.000    0.000    0.000 _local.py:315(anchor)
       34    0.000    0.000    0.000    0.000 enum.py:200(__get__)
        1    0.000    0.000    0.000    0.000 build_ext.py:729(get_export_symbols)
        9    0.000    0.000    0.000    0.000 <frozen _collections_abc>:971(clear)
       11    0.000    0.000    0.000    0.000 core.py:110(<genexpr>)
        1    0.000    0.000    0.000    0.000 {built-in method _welpy_cffi.wl_display_create}
      198    0.000    0.000    0.000    0.000 recompiler.py:31(__init__)
        3    0.000    0.000    0.000    0.000 <frozen importlib._bootstrap_external>:1360(__init__)
        1    0.000    0.000    0.000    0.000 __init__.py:100(DistutilsMetaFinder)
        1    0.000    0.000    0.000    0.000 subprocess.py:759(Popen)
        1    0.000    0.000    0.000    0.000 __init__.py:154(robust_remover)
        1    0.000    0.000    0.000    0.000 typing.py:1638(__init__)
        5    0.000    0.000    0.000    0.000 {built-in method sys._getframe}
        3    0.000    0.000    0.000    0.000 build_ext.py:370(check_extensions_list)
        1    0.000    0.000    0.000    0.000 abc.py:153(TraversableResources)
      215    0.000    0.000    0.000    0.000 <frozen importlib._bootstrap_external>:1014(create_module)
        2    0.000    0.000    0.000    0.000 functools.py:677(cache)
       10    0.000    0.000    0.000    0.000 {built-in method _welpy_cffi.welpy_text_input_destroy}
       35    0.000    0.000    0.000    0.000 ipaddress.py:1904(_split_scope_id)
        8    0.000    0.000    0.000    0.000 typing.py:1769(<genexpr>)
        1    0.000    0.000    0.000    0.000 layout.py:140(wrap)
      219    0.000    0.000    0.000    0.000 dataclasses.py:1111(<genexpr>)
        8    0.000    0.000    0.000    0.000 inspect.py:1814(_shadowed_dict)
        9    0.000    0.000    0.000    0.000 text_input.py:411(drop_popups_for_scene_tree)
        6    0.000    0.000    0.000    0.000 <frozen _collections_abc>:108(_check_methods)
        9    0.000    0.000    0.000    0.000 sysconfig.py:590(_add_flags)
      181    0.000    0.000    0.000    0.000 dataclasses.py:1172(<genexpr>)
        9    0.000    0.000    0.000    0.000 core.py:111(<genexpr>)
        3    0.000    0.000    0.000    0.000 {built-in method _imp.create_builtin}
        1    0.000    0.000    0.000    0.000 windows.py:1(<module>)
       10    0.000    0.000    0.000    0.000 {built-in method _welpy_cffi.welpy_surface_map}
        8    0.000    0.000    0.000    0.000 __init__.py:691(__init__)
      229    0.000    0.000    0.000    0.000 {built-in method builtins.chr}
        1    0.000    0.000    0.000    0.000 recompiler.py:1145(_generate_cpy_enum_ctx)
        2    0.000    0.000    0.000    0.000 __init__.py:320(get_default_scheme)
        1    0.000    0.000    0.000    0.000 fnmatch.py:1(<module>)
      108    0.000    0.000    0.000    0.000 {method 'end' of 're.Match' objects}
        5    0.000    0.000    0.000    0.000 <frozen importlib._bootstrap>:662(spec_from_loader)
        1    0.000    0.000    0.000    0.000 cmd.py:34(Command)
      171    0.000    0.000    0.000    0.000 enum.py:922(<lambda>)
        4    0.000    0.000    0.000    0.000 _local.py:339(parents)
       24    0.000    0.000    0.000    0.000 __init__.py:443(<genexpr>)
        1    0.000    0.000    0.000    0.000 _parser.py:997(parse_template)
      123    0.000    0.000    0.000    0.000 recompiler.py:59(__init__)
        1    0.000    0.000    0.000    0.000 discovery.py:210(FlatLayoutPackageFinder)
        3    0.000    0.000    0.000    0.000 {built-in method posix.chdir}
        1    0.000    0.000    0.000    0.000 discovery.py:482(analyse_name)
        1    0.000    0.000    0.000    0.000 text_input.py:538(_focused_text_input)
       76    0.000    0.000    0.000    0.000 {method 'discard' of 'set' objects}
       18    0.000    0.000    0.000    0.000 recompiler.py:635(_typedef_type)
        4    0.000    0.000    0.000    0.000 platform.py:968(uname)
        5    0.000    0.000    0.000    0.000 threading.py:1097(name)
        1    0.000    0.000    0.000    0.000 {built-in method _welpy_cffi.wlr_linux_drm_syncobj_manager_v1_create}
       13    0.000    0.000    0.000    0.000 c_parser.py:131(_add_typedef_name)
        1    0.000    0.000    0.000    0.000 recompiler.py:1120(_generate_cpy_enum_decl)
        2    0.000    0.000    0.000    0.000 _local.py:354(with_name)
        1    0.000    0.000    0.000    0.000 base.py:133(__init__)
       13    0.000    0.000    0.000    0.000 _parser.py:264(getwhile)
        2    0.000    0.000    0.000    0.000 inspect.py:401(_has_code_flag)
       84    0.000    0.000    0.000    0.000 __init__.py:432(<genexpr>)
        5    0.000    0.000    0.000    0.000 weakref.py:164(__setitem__)
       21    0.000    0.000    0.000    0.000 {built-in method builtins.repr}
        2    0.000    0.000    0.000    0.000 __init__.py:16(_deprecation_notice)
        1    0.000    0.000    0.000    0.000 session_lock.py:4(register)
       21    0.000    0.000    0.000    0.000 __init__.py:205(_checkLevel)
        3    0.000    0.000    0.000    0.000 spawn.py:36(_inject_macos_ver)
        2    0.000    0.000    0.000    0.000 selectors.py:568(_can_use)
        1    0.000    0.000    0.000    0.000 {built-in method _welpy_cffi.wlr_xwayland_set_seat}
       80    0.000    0.000    0.000    0.000 <frozen abc>:7(abstractmethod)
        1    0.000    0.000    0.000    0.000 {built-in method _welpy_cffi.wlr_scene_create}
        1    0.000    0.000    0.000    0.000 __init__.py:716(FastPath)
       12    0.000    0.000    0.000    0.000 {method 'def_extern' of '_cffi_backend.FFI' objects}
        1    0.000    0.000    0.000    0.000 {built-in method posix.rename}
       10    0.000    0.000    0.000    0.000 contextlib.py:479(_create_cb_wrapper)
        1    0.000    0.000    0.000    0.000 recompiler.py:1124(_enum_ctx)
        2    0.000    0.000    0.000    0.000 weakref.py:104(__init__)
       10    0.000    0.000    0.000    0.000 subprocess.py:487(__init__)
       51    0.000    0.000    0.000    0.000 {method 'items' of 'mappingproxy' objects}
        1    0.000    0.000    0.000    0.000 _common.py:19(package_to_anchor)
       16    0.000    0.000    0.000    0.000 enum.py:1249(_generate_next_value_)
        2    0.000    0.000    0.000    0.000 xwayland.py:1(<module>)
      114    0.000    0.000    0.000    0.000 {method 'isascii' of 'str' objects}
        2    0.000    0.000    0.000    0.000 layer_shell.py:1(<module>)
        1    0.000    0.000    0.000    0.000 xwayland.py:4(register)
        1    0.000    0.000    0.000    0.000 ipaddress.py:1933(IPv6Address)
        4    0.000    0.000    0.000    0.000 fnmatch.py:157(_join_translated_parts)
       20    0.000    0.000    0.000    0.000 {built-in method posix.waitstatus_to_exitcode}
        1    0.000    0.000    0.000    0.000 recompiler.py:1117(_generate_cpy_enum_collecttype)
        2    0.000    0.000    0.000    0.000 c_parser.py:2006(_parse_constant)
        1    0.000    0.000    0.000    0.000 ssl.py:422(SSLContext)
        1    0.000    0.000    0.000    0.000 scene.py:4(register)
        1    0.000    0.000    0.000    0.000 __init__.py:654(DistributionFinder)
      118    0.000    0.000    0.000    0.000 {method 'isdigit' of 'str' objects}
        2    0.000    0.000    0.000    0.000 __init__.py:308(get_preferred_scheme)
        4    0.000    0.000    0.000    0.000 {built-in method _ssl.txt2obj}
        1    0.000    0.000    0.000    0.000 threading.py:870(__init__)
        1    0.000    0.000    0.000    0.000 cparser.py:958(_build_enum_type)
        1    0.000    0.000    0.000    0.000 _local.py:59(PurePath)
        7    0.000    0.000    0.000    0.000 weakref.py:367(__init__)
        1    0.000    0.000    0.000    0.000 dist.py:348(_set_metadata_defaults)
        2    0.000    0.000    0.000    0.000 __init__.py:265(_register_at_fork_reinit_lock)
        1    0.000    0.000    0.000    0.000 _meta.py:11(PackageMetadata)
        1    0.000    0.000    0.000    0.000 _local.py:482(Path)
        4    0.000    0.000    0.000    0.000 glob.py:46(iglob)
        1    0.000    0.000    0.000    0.000 core.py:71(Builder)
        1    0.000    0.000    0.000    0.000 {built-in method _welpy_cffi.wl_display_terminate}
       10    0.000    0.000    0.000    0.000 {method 'append' of 'collections.deque' objects}
       30    0.000    0.000    0.000    0.000 reprlib.py:9(recursive_repr)
       30    0.000    0.000    0.000    0.000 enum.py:69(_is_internal_class)
       32    0.000    0.000    0.000    0.000 glob.py:138(<genexpr>)
        1    0.000    0.000    0.000    0.000 request.py:1696(URLopener)
        1    0.000    0.000    0.000    0.000 build.py:19(build)
        1    0.000    0.000    0.000    0.000 cparser.py:295(Parser)
        1    0.000    0.000    0.000    0.000 typing.py:1040(_evaluate)
       10    0.000    0.000    0.000    0.000 {method 'count' of 'list' objects}
        4    0.000    0.000    0.000    0.000 inspect.py:2491(_descriptor_get)
        1    0.000    0.000    0.000    0.000 ipaddress.py:671(_BaseNetwork)
       36    0.000    0.000    0.000    0.000 recompiler.py:1258(may_need_128_bits)
        7    0.000    0.000    0.000    0.000 types.py:338(__getattr__)
        7    0.000    0.000    0.000    0.000 typing.py:2518(_strip_annotations)
        2    0.000    0.000    0.000    0.000 c_lexer.py:271(success)
        2    0.000    0.000    0.000    0.000 inspect.py:1447(repl)
        1    0.000    0.000    0.000    0.000 __init__.py:129(Command)
       31    0.000    0.000    0.000    0.000 {method 'setter' of 'property' objects}
        1    0.000    0.000    0.000    0.000 idle.py:4(register)
        4    0.000    0.000    0.000    0.000 _local.py:35(__init__)
        1    0.000    0.000    0.000    0.000 filelist.py:21(FileList)
        1    0.000    0.000    0.000    0.000 {built-in method _welpy_cffi.welpy_extws_send_workspace_group}
        6    0.000    0.000    0.000    0.000 {built-in method time.time_ns}
       18    0.000    0.000    0.000    0.000 <frozen importlib._bootstrap_external>:1367(_find_parent_path_names)
        1    0.000    0.000    0.000    0.000 _tokenizer.py:91(Tokenizer)
        9    0.000    0.000    0.000    0.000 weakref.py:495(popitem)
        1    0.000    0.000    0.000    0.000 tarfile.py:1708(TarFile)
       46    0.000    0.000    0.000    0.000 c_lexer.py:703(<lambda>)
        1    0.000    0.000    0.000    0.000 __init__.py:144(is_cpython)
        1    0.000    0.000    0.000    0.000 ffiplatform.py:1(<module>)
        1    0.000    0.000    0.000    0.000 specifiers.py:327(BaseSpecifier)
        1    0.000    0.000    0.000    0.000 __init__.py:352(Distribution)
       72    0.000    0.000    0.000    0.000 dataclasses.py:412(<genexpr>)
        9    0.000    0.000    0.000    0.000 enum.py:966(_find_data_repr_)
        8    0.000    0.000    0.000    0.000 c_lexer.py:262(skip_ws)
        1    0.000    0.000    0.000    0.000 extension.py:145(__init__)
       16    0.000    0.000    0.000    0.000 enum.py:115(_iter_bits_lsb)
        1    0.000    0.000    0.000    0.000 __init__.py:1278(__init__)
        2    0.000    0.000    0.000    0.000 charset.py:206(__init__)
        1    0.000    0.000    0.000    0.000 {built-in method _welpy_cffi.wlr_presentation_create}
        6    0.000    0.000    0.000    0.000 {built-in method _struct.calcsize}
        3    0.000    0.000    0.000    0.000 {built-in method _welpy_cffi.welpy_xdg_popup_destroy}
        2    0.000    0.000    0.000    0.000 sysconfig.py:182(_get_python_inc_from_config)
        1    0.000    0.000    0.000    0.000 cparser.py:297(__init__)
      150    0.000    0.000    0.000    0.000 model.py:53(is_integer_type)
        9    0.000    0.000    0.000    0.000 {method 'values' of 'mappingproxy' objects}
        1    0.000    0.000    0.000    0.000 readers.py:137(NamespaceReader)
        1    0.000    0.000    0.000    0.000 {method 'copy' of 'dict' objects}
       14    0.000    0.000    0.000    0.000 <frozen importlib._bootstrap>:1285(_sanity_check)
        1    0.000    0.000    0.000    0.000 typing.py:2344(runtime_checkable)
       21    0.000    0.000    0.000    0.000 inspect.py:3103(<genexpr>)
        1    0.000    0.000    0.000    0.000 ipaddress.py:1621(_BaseV6)
       48    0.000    0.000    0.000    0.000 {method 'issuperset' of 'frozenset' objects}
       53    0.000    0.000    0.000    0.000 {method 'clear' of 'dict' objects}
        6    0.000    0.000    0.000    0.000 c_parser.py:601(_try_parse_paren_type_name)
       25    0.000    0.000    0.000    0.000 dataclasses.py:879(_hash_set_none)
        2    0.000    0.000    0.000    0.000 build_ext.py:136(_python_lib_dir)
        6    0.000    0.000    0.000    0.000 _policybase.py:94(_append_doc)
        4    0.000    0.000    0.000    0.000 inspect.py:2158(_signature_is_functionlike)
        2    0.000    0.000    0.000    0.000 {built-in method posix.readlink}
        3    0.000    0.000    0.000    0.000 {built-in method _welpy_cffi.wlr_surface_get_root_surface}
        1    0.000    0.000    0.000    0.000 ipaddress.py:383(_IPAddressBase)
        1    0.000    0.000    0.000    0.000 readers.py:64(MultiplexedPath)
       32    0.000    0.000    0.000    0.000 enum.py:433(<genexpr>)
        1    0.000    0.000    0.000    0.000 configparser.py:1264(__init__)
        2    0.000    0.000    0.000    0.000 __init__.py:899(_addHandlerRef)
        1    0.000    0.000    0.000    0.000 dir_util.py:30(wrap)
        3    0.000    0.000    0.000    0.000 {built-in method posix.access}
        1    0.000    0.000    0.000    0.000 tempfile.py:686(SpooledTemporaryFile)
        1    0.000    0.000    0.000    0.000 tarfile.py:605(_FileInFile)
        2    0.000    0.000    0.000    0.000 setupcfg.py:245(__init__)
        7    0.000    0.000    0.000    0.000 model.py:298(__init__)
        1    0.000    0.000    0.000    0.000 recompiler.py:126(Recompiler)
       69    0.000    0.000    0.000    0.000 <frozen codecs>:263(__init__)
        1    0.000    0.000    0.000    0.000 log.py:32(set_verbosity)
       43    0.000    0.000    0.000    0.000 enum.py:91(_is_single_bit)
       26    0.000    0.000    0.000    0.000 ipaddress.py:431(_ip_int_from_prefix)
       43    0.000    0.000    0.000    0.000 {function FreezableDefaultDict.__missing__ at 0x7e00e3254b80}
       17    0.000    0.000    0.000    0.000 ssl.py:972(_sslcopydoc)
        1    0.000    0.000    0.000    0.000 queue.py:40(Queue)
        9    0.000    0.000    0.000    0.000 __init__.py:185(__new__)
        1    0.000    0.000    0.000    0.000 c_lexer.py:41(__init__)
        1    0.000    0.000    0.000    0.000 request.py:287(Request)
      112    0.000    0.000    0.000    0.000 ipaddress.py:574(__int__)
        6    0.000    0.000    0.000    0.000 __init__.py:440(_discover_resolvers)
        7    0.000    0.000    0.000    0.000 {method 'tolist' of 'memoryview' objects}
        1    0.000    0.000    0.000    0.000 setupcfg.py:229(ConfigHandler)
       12    0.000    0.000    0.000    0.000 model.py:359(anonymous_struct_fields)
        6    0.000    0.000    0.000    0.000 __init__.py:694(path)
        1    0.000    0.000    0.000    0.000 threading.py:620(set)
        1    0.000    0.000    0.000    0.000 _abc.py:403(PathBase)
       30    0.000    0.000    0.000    0.000 dataclasses.py:429(__init__)
        1    0.000    0.000    0.000    0.000 model.py:174(build_backend_type)
        2    0.000    0.000    0.000    0.000 {method 'finditer' of 're.Pattern' objects}
        1    0.000    0.000    0.000    0.000 {method 'union' of 'set' objects}
        1    0.000    0.000    0.000    0.000 __init__.py:1498(debug)
        1    0.000    0.000    0.000    0.000 api.py:23(FFI)
        4    0.000    0.000    0.000    0.000 c_parser.py:1308(make_array_decl)
        1    0.000    0.000    0.000    0.000 {built-in method _welpy_cffi.welpy_extws_create_group}
        4    0.000    0.000    0.000    0.000 {built-in method posix.scandir}
        1    0.000    0.000    0.000    0.000 numbers.py:57(Complex)
        3    0.000    0.000    0.000    0.000 build_ext.py:79(get_abi3_suffix)
      123    0.000    0.000    0.000    0.000 recompiler.py:180(<lambda>)
        1    0.000    0.000    0.000    0.000 __init__.py:104(_compose)
        1    0.000    0.000    0.000    0.000 __init__.py:1847(LoggerAdapter)
        9    0.000    0.000    0.000    0.000 _apply_pyprojecttoml.py:388(_attrgetter)
       14    0.000    0.000    0.000    0.000 inspect.py:388(isfunction)
        4    0.000    0.000    0.000    0.000 <frozen importlib._bootstrap_external>:1404(__len__)
       17    0.000    0.000    0.000    0.000 dataclasses.py:673(<genexpr>)
        1    0.000    0.000    0.000    0.000 {built-in method _hashlib.openssl_md5}
        1    0.000    0.000    0.000    0.000 __init__.py:301(passes)
        1    0.000    0.000    0.000    0.000 dataclasses.py:1308(fields)
        1    0.000    0.000    0.000    0.000 build_ext.py:602(swig_sources)
        3    0.000    0.000    0.000    0.000 typing.py:395(_flatten_literal_params)
        3    0.000    0.000    0.000    0.000 cparser.py:879(_parse_constant)
        1    0.000    0.000    0.000    0.000 more.py:2228(numeric_range)
        5    0.000    0.000    0.000    0.000 {method 'flush' of '_io.TextIOWrapper' objects}
        2    0.000    0.000    0.000    0.000 typing.py:3429(__init__)
        1    0.000    0.000    0.000    0.000 client.py:839(HTTPConnection)
        1    0.000    0.000    0.000    0.000 threading.py:859(Thread)
       45    0.000    0.000    0.000    0.000 {built-in method builtins.callable}
       10    0.000    0.000    0.000    0.000 {method 'pop' of 'collections.deque' objects}
        6    0.000    0.000    0.000    0.000 monkey.py:60(<genexpr>)
        1    0.000    0.000    0.000    0.000 specifiers.py:1255(SpecifierSet)
        2    0.000    0.000    0.000    0.000 weakref.py:289(update)
        1    0.000    0.000    0.000    0.000 api.py:637(set_source)
        1    0.000    0.000    0.000    0.000 setupcfg.py:608(__init__)
        5    0.000    0.000    0.000    0.000 _local.py:406(is_absolute)
       13    0.000    0.000    0.000    0.000 _local.py:107(__new__)
        1    0.000    0.000    0.000    0.000 build_py.py:32(build_py)
        5    0.000    0.000    0.000    0.000 threading.py:122(RLock)
        2    0.000    0.000    0.000    0.000 {method 'close' of '_io.TextIOWrapper' objects}
        3    0.000    0.000    0.000    0.000 __init__.py:7(override)
       57    0.000    0.000    0.000    0.000 {method 'index' of 'bytearray' objects}
        1    0.000    0.000    0.000    0.000 build_py.py:272(initialize_options)
        1    0.000    0.000    0.000    0.000 __init__.py:192(_Extra)
        2    0.000    0.000    0.000    0.000 geometry.py:93(<genexpr>)
        1    0.000    0.000    0.000    0.000 socket.py:215(socket)
        4    0.000    0.000    0.000    0.000 dataclasses.py:416(_tuple_str)
        7    0.000    0.000    0.000    0.000 {method 'rsplit' of 'str' objects}
        1    0.000    0.000    0.000    0.000 __init__.py:1318(ZipFile)
        1    0.000    0.000    0.000    0.000 __init__.py:39(FoldedCase)
        1    0.000    0.000    0.000    0.000 numbers.py:328(Integral)
        1    0.000    0.000    0.000    0.000 build_ext.py:750(_get_module_name_for_symbol)
        1    0.000    0.000    0.000    0.000 {built-in method _welpy_cffi.welpy_extws_send_group_capabilities}
      123    0.000    0.000    0.000    0.000 recompiler.py:1001(<lambda>)
        3    0.000    0.000    0.000    0.000 {built-in method _welpy_cffi.libinput_device_config_send_events_set_mode}
        9    0.000    0.000    0.000    0.000 {method 'from_handle' of '_cffi_backend.FFI' objects}
       18    0.000    0.000    0.000    0.000 recompiler.py:1178(_global_type)
       20    0.000    0.000    0.000    0.000 subprocess.py:1102(__enter__)
        2    0.000    0.000    0.000    0.000 core.py:112(<genexpr>)
        3    0.000    0.000    0.000    0.000 {built-in method _welpy_cffi.wlr_cursor_attach_input_device}
        1    0.000    0.000    0.000    0.000 unix.py:115(Compiler)
        3    0.000    0.000    0.000    0.000 _weakrefset.py:85(add)
        1    0.000    0.000    0.000    0.000 base.py:467(_fix_object_args)
        1    0.000    0.000    0.000    0.000 tags.py:76(_compute_32_bit_interpreter)
        3    0.000    0.000    0.000    0.000 typing.py:1828(__hash__)
        4    0.000    0.000    0.000    0.000 {built-in method _welpy_cffi.welpy_xwayland_surface_destroy}
       78    0.000    0.000    0.000    0.000 signal.py:16(<lambda>)
        1    0.000    0.000    0.000    0.000 typing.py:1791(__repr__)
        1    0.000    0.000    0.000    0.000 glob.py:554(_StringGlobber)
       15    0.000    0.000    0.000    0.000 typing.py:553(__repr__)
        1    0.000    0.000    0.000    0.000 dist.py:1109(DistributionMetadata)
       10    0.000    0.000    0.000    0.000 _policybase.py:104(<genexpr>)
        1    0.000    0.000    0.000    0.000 __init__.py:274(raises)
       16    0.000    0.000    0.000    0.000 typing.py:2219(<genexpr>)
       34    0.000    0.000    0.000    0.000 {method 'keys' of 'dict' objects}
        3    0.000    0.000    0.000    0.000 {built-in method _welpy_cffi.libinput_device_config_scroll_set_natural_scroll_enabled}
        6    0.000    0.000    0.000    0.000 cmd.py:123(__getattr__)
        1    0.000    0.000    0.000    0.000 _abc.py:101(PurePathBase)
       79    0.000    0.000    0.000    0.000 signal.py:21(<lambda>)
        1    0.000    0.000    0.000    0.000 shlex.py:19(shlex)
        1    0.000    0.000    0.000    0.000 {built-in method _welpy_cffi.welpy_extws_manager_destroy}
        1    0.000    0.000    0.000    0.000 numbers.py:172(Real)
        3    0.000    0.000    0.000    0.000 {built-in method builtins.locals}
        1    0.000    0.000    0.000    0.000 extension.py:92(__init__)
        1    0.000    0.000    0.000    0.000 ipaddress.py:1497(IPv4Network)
        4    0.000    0.000    0.000    0.000 {built-in method _welpy_cffi.welpy_xwayland_surface_request_configure}
        1    0.000    0.000    0.000    0.000 __init__.py:337(_get_sysconfigdata_name)
        3    0.000    0.000    0.000    0.000 typing.py:1614(__mro_entries__)
        1    0.000    0.000    0.000    0.000 debug.py:1(<module>)
       34    0.000    0.000    0.000    0.000 enum.py:1338(value)
        1    0.000    0.000    0.000    0.000 request.py:2146(FancyURLopener)
       16    0.000    0.000    0.000    0.000 enum.py:808(__members__)
        1    0.000    0.000    0.000    0.000 random.py:103(Random)
        1    0.000    0.000    0.000    0.000 model.py:279(ConstPointerType)
        1    0.000    0.000    0.000    0.000 layout.py:230(_index)
       12    0.000    0.000    0.000    0.000 {method 'start' of 're.Match' objects}
        4    0.000    0.000    0.000    0.000 glob.py:260(has_magic)
        4    0.000    0.000    0.000    0.000 {built-in method _welpy_cffi.welpy_xwayland_surface_dissociate}
        1    0.000    0.000    0.000    0.000 request.py:1051(AbstractDigestAuthHandler)
        3    0.000    0.000    0.000    0.000 _itertools.py:1(<module>)
        1    0.000    0.000    0.000    0.000 ssl.py:792(SSLObject)
        8    0.000    0.000    0.000    0.000 unix.py:317(library_dir_option)
        1    0.000    0.000    0.000    0.000 __init__.py:124(compose_two)
       16    0.000    0.000    0.000    0.000 __init__.py:820(__init__)
       30    0.000    0.000    0.000    0.000 dataclasses.py:351(__init__)
        1    0.000    0.000    0.000    0.000 c_parser.py:1994(_parse_identifier)
        1    0.000    0.000    0.000    0.000 {method 'fullmatch' of 're.Pattern' objects}
        1    0.000    0.000    0.000    0.000 __init__.py:45(enabled)
        1    0.000    0.000    0.000    0.000 parse.py:152(_NetlocResultMixinBase)
        1    0.000    0.000    0.000    0.000 {built-in method _welpy_cffi.wlr_seat_create}
        1    0.000    0.000    0.000    0.000 {built-in method _welpy_cffi.welpy_im_commit}
        1    0.000    0.000    0.000    0.000 {built-in method _welpy_cffi.welpy_xwayland_set_default_cursor}
        2    0.000    0.000    0.000    0.000 c_lexer.py:64(_init_state)
        1    0.000    0.000    0.000    0.000 ipaddress.py:1139(_BaseV4)
        6    0.000    0.000    0.000    0.000 __init__.py:1999(__del__)
        1    0.000    0.000    0.000    0.000 warnings.py:25(SetuptoolsWarning)
       19    0.000    0.000    0.000    0.000 enum.py:1738(_simple_enum)
        2    0.000    0.000    0.000    0.000 parse.py:847(__getattr__)
       12    0.000    0.000    0.000    0.000 <frozen posixpath>:131(splitdrive)
        1    0.000    0.000    0.000    0.000 model.py:502(force_the_name)
        9    0.000    0.000    0.000    0.000 dataclasses.py:328(__set_name__)
        1    0.000    0.000    0.000    0.000 {method 'close' of 'select.epoll' objects}
        1    0.000    0.000    0.000    0.000 __init__.py:6(HTTPStatus)
        2    0.000    0.000    0.000    0.000 config.py:37(modkey)
        1    0.000    0.000    0.000    0.000 {built-in method _hashlib.openssl_sha3_224}
        1    0.000    0.000    0.000    0.000 build_ext.py:89(build_ext)
       17    0.000    0.000    0.000    0.000 {built-in method _stat.S_ISLNK}
        1    0.000    0.000    0.000    0.000 build_ext.py:186(initialize_options)
        1    0.000    0.000    0.000    0.000 {built-in method _welpy_cffi.wlr_subcompositor_create}
        2    0.000    0.000    0.000    0.000 _abc.py:167(suffix)
       36    0.000    0.000    0.000    0.000 discovery.py:252(<genexpr>)
        2    0.000    0.000    0.000    0.000 functools.py:440(_unwrap_partialmethod)
       32    0.000    0.000    0.000    0.000 glob.py:267(_ishidden)
        1    0.000    0.000    0.000    0.000 bz2.py:26(BZ2File)
        1    0.000    0.000    0.000    0.000 traceback.py:276(FrameSummary)
        1    0.000    0.000    0.000    0.000 glob.py:358(_Globber)
        1    0.000    0.000    0.000    0.000 __init__.py:204(Path)
        6    0.000    0.000    0.000    0.000 signal.py:51(decorator)
        1    0.000    0.000    0.000    0.000 discovery.py:298(ConfigDiscovery)
        1    0.000    0.000    0.000    0.000 client.py:257(HTTPResponse)
        4    0.000    0.000    0.000    0.000 dist.py:73(__getattr__)
       12    0.000    0.000    0.000    0.000 model.py:160(__init__)
       12    0.000    0.000    0.000    0.000 typing.py:3170(<genexpr>)
        1    0.000    0.000    0.000    0.000 base.py:1313(gen_preprocess_options)
        3    0.000    0.000    0.000    0.000 _header_value_parser.py:905(__new__)
        7    0.000    0.000    0.000    0.000 functools.py:994(__init__)
       13    0.000    0.000    0.000    0.000 {method 'update' of 'set' objects}
        1    0.000    0.000    0.000    0.000 threading.py:592(__init__)
        1    0.000    0.000    0.000    0.000 <string>:1(__create_fn__)
        1    0.000    0.000    0.000    0.000 model.py:102(PrimitiveType)
        1    0.000    0.000    0.000    0.000 configparser.py:558(_Line)
        1    0.000    0.000    0.000    0.000 {built-in method _cffi_backend.new_void_type}
        4    0.000    0.000    0.000    0.000 inspect.py:538(isbuiltin)
        5    0.000    0.000    0.000    0.000 functools.py:767(is_related)
        1    0.000    0.000    0.000    0.000 api.py:293(cast)
        1    0.000    0.000    0.000    0.000 lzma.py:38(LZMAFile)
        1    0.000    0.000    0.000    0.000 __init__.py:101(CompleteDirs)
       11    0.000    0.000    0.000    0.000 typing.py:1098(__hash__)
        1    0.000    0.000    0.000    0.000 file_util.py:1(<module>)
        1    0.000    0.000    0.000    0.000 setupcfg.py:538(__init__)
        1    0.000    0.000    0.000    0.000 {built-in method _welpy_cffi.wlr_data_device_manager_create}
        9    0.000    0.000    0.000    0.000 {method 'popitem' of 'dict' objects}
        2    0.000    0.000    0.000    0.000 inspect.py:424(_has_coroutine_mark)
        1    0.000    0.000    0.000    0.000 configparser.py:544(_ReadState)
        3    0.000    0.000    0.000    0.000 {built-in method _welpy_cffi.libinput_device_config_accel_set_profile}
        4    0.000    0.000    0.000    0.000 util.py:507(is_mingw)
        1    0.000    0.000    0.000    0.000 {built-in method _welpy_cffi.wlr_primary_selection_v1_device_manager_create}
       20    0.000    0.000    0.000    0.000 {built-in method sys.getrecursionlimit}
       26    0.000    0.000    0.000    0.000 ipaddress.py:415(_check_int_address)
        1    0.000    0.000    0.000    0.000 c_parser.py:2303(_TokenStream)
        1    0.000    0.000    0.000    0.000 {built-in method _welpy_cffi.wlr_layer_shell_v1_create}
        1    0.000    0.000    0.000    0.000 ipaddress.py:2225(IPv6Interface)
        1    0.000    0.000    0.000    0.000 tempfile.py:865(TemporaryDirectory)
        1    0.000    0.000    0.000    0.000 {built-in method _welpy_cffi.welpy_extws_output_resource}
        4    0.000    0.000    0.000    0.000 c_parser.py:502(_starts_expression)
        1    0.000    0.000    0.000    0.000 {built-in method _welpy_cffi.wlr_ext_data_control_manager_v1_create}
        9    0.000    0.000    0.000    0.000 unix.py:365(library_option)
        1    0.000    0.000    0.000    0.000 {built-in method _welpy_cffi.wlr_cursor_create}
        1    0.000    0.000    0.000    0.000 __init__.py:390(ZipInfo)
        1    0.000    0.000    0.000    0.000 {built-in method _welpy_cffi.wlr_renderer_get_drm_fd}
        4    0.000    0.000    0.000    0.000 inspect.py:312(ismethoddescriptor)
        3    0.000    0.000    0.000    0.000 {built-in method _welpy_cffi.wlr_input_device_is_libinput}
        1    0.000    0.000    0.000    0.000 tarfile.py:330(_Stream)
       11    0.000    0.000    0.000    0.000 __init__.py:1308(append)
        3    0.000    0.000    0.000    0.000 windows.py:113(<lambda>)
       13    0.000    0.000    0.000    0.000 c_ast.py:1208(__init__)
        1    0.000    0.000    0.000    0.000 {built-in method _welpy_cffi.welpy_output_state_free}
        1    0.000    0.000    0.000    0.000 _functional.py:1(<module>)
        2    0.000    0.000    0.000    0.000 {built-in method _imp.extension_suffixes}
        1    0.000    0.000    0.000    0.000 platform.py:921(uname_result)
        1    0.000    0.000    0.000    0.000 recompiler.py:1486(_unpatch_meths)
        1    0.000    0.000    0.000    0.000 selectors.py:84(BaseSelector)
        1    0.000    0.000    0.000    0.000 traceback.py:428(StackSummary)
        1    0.000    0.000    0.000    0.000 abc.py:96(InspectLoader)
        1    0.000    0.000    0.000    0.000 __init__.py:1111(StreamHandler)
        3    0.000    0.000    0.000    0.000 {built-in method _welpy_cffi.libinput_device_config_left_handed_set}
        1    0.000    0.000    0.000    0.000 {built-in method _welpy_cffi.wlr_xdg_output_manager_v1_create}
        1    0.000    0.000    0.000    0.000 __init__.py:870(MetadataPathFinder)
        5    0.000    0.000    0.000    0.000 weakref.py:347(__new__)
        3    0.000    0.000    0.000    0.000 {built-in method _welpy_cffi.wlr_libinput_get_device_handle}
        1    0.000    0.000    0.000    0.000 c_lexer.py:54(input)
       14    0.000    0.000    0.000    0.000 {built-in method sys._getframemodulename}
        1    0.000    0.000    0.000    0.000 <frozen importlib._bootstrap>:1103(_resolve_filename)
        3    0.000    0.000    0.000    0.000 {built-in method _welpy_cffi.libinput_device_config_accel_set_speed}
        5    0.000    0.000    0.000    0.000 {method 'cache_clear' of 'functools._lru_cache_wrapper' objects}
       26    0.000    0.000    0.000    0.000 {built-in method builtins.globals}
        1    0.000    0.000    0.000    0.000 decoder.py:292(__init__)
        1    0.000    0.000    0.000    0.000 {built-in method _welpy_cffi.wlr_server_decoration_manager_set_default_mode}
        1    0.000    0.000    0.000    0.000 {built-in method _welpy_cffi.wlr_viewporter_create}
        1    0.000    0.000    0.000    0.000 {built-in method _welpy_cffi.welpy_extws_manager_create}
        1    0.000    0.000    0.000    0.000 recompiler.py:1389(_emit_bytecode_ArrayType)
        1    0.000    0.000    0.000    0.000 {built-in method _welpy_cffi.wlr_xdg_shell_create}
        4    0.000    0.000    0.000    0.000 _abc.py:38(_ignore_error)
        1    0.000    0.000    0.000    0.000 {built-in method _welpy_cffi.wlr_renderer_get_texture_formats}
        1    0.000    0.000    0.000    0.000 {built-in method _welpy_cffi.wlr_xdg_decoration_manager_v1_create}
       22    0.000    0.000    0.000    0.000 typing.py:1818(<genexpr>)
        1    0.000    0.000    0.000    0.000 configparser.py:306(ParsingError)
        1    0.000    0.000    0.000    0.000 __init__.py:86(_compose_tarfile_filters)
        1    0.000    0.000    0.000    0.000 {built-in method _welpy_cffi.wlr_output_layout_create}
        1    0.000    0.000    0.000    0.000 {built-in method _welpy_cffi.welpy_extws_send_group_output_enter}
       11    0.000    0.000    0.000    0.000 enum.py:1457(<lambda>)
       12    0.000    0.000    0.000    0.000 inspect.py:304(isclass)
        1    0.000    0.000    0.000    0.000 {built-in method _welpy_cffi.wlr_xcursor_manager_create}
        1    0.000    0.000    0.000    0.000 _policybase.py:112(Policy)
        1    0.000    0.000    0.000    0.000 {built-in method _welpy_cffi.wlr_alpha_modifier_v1_create}
        1    0.000    0.000    0.000    0.000 <frozen _collections_abc>:823(keys)
        1    0.000    0.000    0.000    0.000 __init__.py:922(Handler)
        1    0.000    0.000    0.000    0.000 {built-in method posix.uname}
        1    0.000    0.000    0.000    0.000 {built-in method _welpy_cffi.wlr_output_power_manager_v1_create}
        3    0.000    0.000    0.000    0.000 {built-in method _welpy_cffi.libinput_device_config_dwt_is_available}
        4    0.000    0.000    0.000    0.000 <frozen importlib._bootstrap_external>:1332(<genexpr>)
        1    0.000    0.000    0.000    0.000 {built-in method _welpy_cffi.welpy_output_state_new}
        1    0.000    0.000    0.000    0.000 {built-in method _welpy_cffi.wlr_server_decoration_manager_create}
        1    0.000    0.000    0.000    0.000 setupcfg.py:605(ConfigOptionsHandler)
        1    0.000    0.000    0.000    0.000 __init__.py:1463(Logger)
        8    0.000    0.000    0.000    0.000 glob.py:270(_isrecursive)
        3    0.000    0.000    0.000    0.000 session_lock.py:130(update_surfaces)
        1    0.000    0.000    0.000    0.000 build_py.py:36(initialize_options)
        1    0.000    0.000    0.000    0.000 pyprojecttoml.py:172(_ConfigExpander)
        1    0.000    0.000    0.000    0.000 __init__.py:881(ZipExtFile)
        1    0.000    0.000    0.000    0.000 {built-in method _welpy_cffi.wlr_scene_output_layout_add_output}
        1    0.000    0.000    0.000    0.000 _header_value_parser.py:132(TokenList)
        1    0.000    0.000    0.000    0.000 {built-in method _welpy_cffi.wlr_input_method_manager_v2_create}
        1    0.000    0.000    0.000    0.000 __init__.py:210(ExceptionTrap)
        2    0.000    0.000    0.000    0.000 cmd.py:252(ensure_string_list)
       47    0.000    0.000    0.000    0.000 inspect.py:2833(kind)
       10    0.000    0.000    0.000    0.000 _local.py:41(__len__)
        1    0.000    0.000    0.000    0.000 {built-in method _welpy_cffi.wlr_cursor_attach_output_layout}
        1    0.000    0.000    0.000    0.000 {built-in method _welpy_cffi.wlr_fractional_scale_manager_v1_create}
        1    0.000    0.000    0.000    0.000 threading.py:428(notify_all)
        1    0.000    0.000    0.000    0.000 readers.py:38(ZipReader)
        3    0.000    0.000    0.000    0.000 {built-in method _welpy_cffi.libinput_device_config_tap_get_finger_count}
        1    0.000    0.000    0.000    0.000 message.py:989(MIMEPart)
        1    0.000    0.000    0.000    0.000 __init__.py:1338(Manager)
        1    0.000    0.000    0.000    0.000 socket.py:677(SocketIO)
        1    0.000    0.000    0.000    0.000 subprocess.py:476(CompletedProcess)
        2    0.000    0.000    0.000    0.000 _abc.py:194(stem)
        3    0.000    0.000    0.000    0.000 <frozen importlib._bootstrap>:501(_requires_builtin_wrapper)
        1    0.000    0.000    0.000    0.000 {built-in method _welpy_cffi.wlr_keyboard_set_repeat_info}
        1    0.000    0.000    0.000    0.000 traceback.py:997(TracebackException)
        3    0.000    0.000    0.000    0.000 c_parser.py:597(_is_assignment_op)
        4    0.000    0.000    0.000    0.000 contextlib.py:363(__exit__)
       23    0.000    0.000    0.000    0.000 <frozen importlib._bootstrap_external>:1304(__init__)
        1    0.000    0.000    0.000    0.000 {built-in method _welpy_cffi.wlr_output_init_render}
        1    0.000    0.000    0.000    0.000 {built-in method _welpy_cffi.wlr_cursor_destroy}
        1    0.000    0.000    0.000    0.000 {built-in method _welpy_cffi.wlr_session_lock_manager_v1_create}
        9    0.000    0.000    0.000    0.000 recompiler.py:116(as_c_expr)
        1    0.000    0.000    0.000    0.000 ext_workspace.py:53(_Manager)
        3    0.000    0.000    0.000    0.000 {built-in method _welpy_cffi.libinput_device_config_left_handed_is_available}
        1    0.000    0.000    0.000    0.000 {built-in method _welpy_cffi.wlr_xdg_activation_v1_create}
        1    0.000    0.000    0.000    0.000 {built-in method _welpy_cffi.wlr_scene_set_linux_dmabuf_v1}
        2    0.000    0.000    0.000    0.000 _weakrefset.py:37(__init__)
        1    0.000    0.000    0.000    0.000 request.py:2406(ftpwrapper)
        1    0.000    0.000    0.000    0.000 {built-in method _welpy_cffi.welpy_extws_resource_client}
        1    0.000    0.000    0.000    0.000 {built-in method _welpy_cffi.wlr_gamma_control_manager_v1_create}
        1    0.000    0.000    0.000    0.000 {built-in method _hashlib.openssl_sha1}
        1    0.000    0.000    0.000    0.000 threading.py:281(__init__)
        1    0.000    0.000    0.000    0.000 error.py:35(HTTPError)
        1    0.000    0.000    0.000    0.000 ipaddress.py:1430(IPv4Interface)
        1    0.000    0.000    0.000    0.000 __init__.py:250(EntryPoints)
        1    0.000    0.000    0.000    0.000 build_ext.py:112(initialize_options)
        1    0.000    0.000    0.000    0.000 {built-in method _hashlib.openssl_sha224}
        3    0.000    0.000    0.000    0.000 {built-in method _welpy_cffi.libinput_device_config_scroll_has_natural_scroll}
        1    0.000    0.000    0.000    0.000 tags.py:89(Tag)
        1    0.000    0.000    0.000    0.000 {built-in method _welpy_cffi.wlr_scene_attach_output_layout}
        1    0.000    0.000    0.000    0.000 model.py:213(Server)
        1    0.000    0.000    0.000    0.000 readers.py:22(FileReader)
        1    0.000    0.000    0.000    0.000 _log.py:1(<module>)
        1    0.000    0.000    0.000    0.000 log.py:41(Log)
        1    0.000    0.000    0.000    0.000 discovery.py:84(_Finder)
       30    0.000    0.000    0.000    0.000 inspect.py:2821(name)
       30    0.000    0.000    0.000    0.000 enum.py:249(__init__)
        1    0.000    0.000    0.000    0.000 _abc.py:55(ParserBase)
        3    0.000    0.000    0.000    0.000 {built-in method _welpy_cffi.libinput_device_config_middle_emulation_is_available}
        1    0.000    0.000    0.000    0.000 cmd.py:296(get_command_name)
        1    0.000    0.000    0.000    0.000 {built-in method _welpy_cffi.wlr_data_control_manager_v1_create}
        1    0.000    0.000    0.000    0.000 request.py:1450(FileHandler)
       21    0.000    0.000    0.000    0.000 {built-in method builtins.iter}
        1    0.000    0.000    0.000    0.000 {built-in method _welpy_cffi.wlr_virtual_keyboard_manager_v1_create}
        1    0.000    0.000    0.000    0.000 c_parser.py:2358(_DeclSpec)
       45    0.000    0.000    0.000    0.000 recompiler.py:1151(_generate_cpy_macro_collecttype)
        1    0.000    0.000    0.000    0.000 {built-in method _welpy_cffi.libinput_device_config_tap_set_enabled}
        1    0.000    0.000    0.000    0.000 markers.py:317(Marker)
        1    0.000    0.000    0.000    0.000 c_lexer.py:568(_RegexRule)
        1    0.000    0.000    0.000    0.000 __init__.py:1836(__init__)
        3    0.000    0.000    0.000    0.000 {built-in method _welpy_cffi.libinput_device_config_send_events_get_modes}
        2    0.000    0.000    0.000    0.000 {built-in method _welpy_cffi.welpy_xwayland_surface_request_fullscreen}
        1    0.000    0.000    0.000    0.000 __init__.py:313(Throttler)
        5    0.000    0.000    0.000    0.000 weakref.py:133(__getitem__)
        3    0.000    0.000    0.000    0.000 __init__.py:538(yield_lines)
        2    0.000    0.000    0.000    0.000 c_parser.py:2309(__init__)
        2    0.000    0.000    0.000    0.000 __init__.py:287(_get_preferred_schemes)
        1    0.000    0.000    0.000    0.000 _imp.py:1(<module>)
        5    0.000    0.000    0.000    0.000 dataclasses.py:1323(<genexpr>)
        1    0.000    0.000    0.000    0.000 {built-in method _welpy_cffi.wlr_pointer_constraints_v1_create}
        2    0.000    0.000    0.000    0.000 base.py:1028(out_extensions)
        1    0.000    0.000    0.000    0.000 _parser.py:1013(addgroup)
        6    0.000    0.000    0.000    0.000 __init__.py:1354(disable)
        5    0.000    0.000    0.000    0.000 weakref.py:352(__init__)
        6    0.000    0.000    0.000    0.000 {built-in method _stat.S_ISDIR}
        1    0.000    0.000    0.000    0.000 base.py:412(_fix_compile_args)
        1    0.000    0.000    0.000    0.000 more.py:3075(run_length)
        6    0.000    0.000    0.000    0.000 typing.py:1817(_value_and_type_iter)
        2    0.000    0.000    0.000    0.000 {built-in method _cffi_backend.new_pointer_type}
        1    0.000    0.000    0.000    0.000 _parser.py:99(checkgroup)
        1    0.000    0.000    0.000    0.000 {built-in method _welpy_cffi.wlr_scene_set_gamma_control_manager_v1}
        1    0.000    0.000    0.000    0.000 base64mime.py:1(<module>)
        1    0.000    0.000    0.000    0.000 __init__.py:218(shim)
        7    0.000    0.000    0.000    0.000 {method 'cast' of 'memoryview' objects}
        1    0.000    0.000    0.000    0.000 _adapters.py:163(wrap_spec)
        1    0.000    0.000    0.000    0.000 {built-in method _welpy_cffi.libinput_device_config_tap_set_drag_lock_enabled}
        1    0.000    0.000    0.000    0.000 abc.py:28(__getattr__)
        3    0.000    0.000    0.000    0.000 {built-in method _welpy_cffi.libinput_device_config_accel_is_available}
        1    0.000    0.000    0.000    0.000 dist.py:407(_finalize_license_expression)
        1    0.000    0.000    0.000    0.000 quopri.py:1(<module>)
        1    0.000    0.000    0.000    0.000 queue.py:315(_PySimpleQueue)
       16    0.000    0.000    0.000    0.000 {method 'random' of '_random.Random' objects}
        1    0.000    0.000    0.000    0.000 headerregistry.py:156(BaseHeader)
        1    0.000    0.000    0.000    0.000 model.py:495(__init__)
        2    0.000    0.000    0.000    0.000 {built-in method _welpy_cffi.libinput_device_config_middle_emulation_set_enabled}
        1    0.000    0.000    0.000    0.000 {built-in method _welpy_cffi.wlr_seat_set_capabilities}
        1    0.000    0.000    0.000    0.000 request.py:1569(CacheFTPHandler)
        1    0.000    0.000    0.000    0.000 discovery.py:372(_analyse_package_layout)
        2    0.000    0.000    0.000    0.000 typing.py:1988(_caller)
        8    0.000    0.000    0.000    0.000 typing.py:1822(__eq__)
        1    0.000    0.000    0.000    0.000 headerregistry.py:402(MIMEVersionHeader)
        1    0.000    0.000    0.000    0.000 __init__.py:92(_TrivialRe)
        2    0.000    0.000    0.000    0.000 _parser.py:1005(addliteral)
        1    0.000    0.000    0.000    0.000 headerregistry.py:12(Address)
        1    0.000    0.000    0.000    0.000 _encoded_words.py:73(_QByteMap)
        1    0.000    0.000    0.000    0.000 __init__.py:90(method_cache)
        1    0.000    0.000    0.000    0.000 subprocess.py:132(CalledProcessError)
       16    0.000    0.000    0.000    0.000 {built-in method math.floor}
        5    0.000    0.000    0.000    0.000 weakref.py:194(get)
        1    0.000    0.000    0.000    0.000 headerregistry.py:276(DateHeader)
        1    0.000    0.000    0.000    0.000 {built-in method _welpy_cffi.wlr_text_input_manager_v3_create}
        1    0.000    0.000    0.000    0.000 ext_workspace.py:62(ExtWorkspace)
       13    0.000    0.000    0.000    0.000 typing.py:840(<genexpr>)
        1    0.000    0.000    0.000    0.000 {built-in method _welpy_cffi.welpy_output_frame}
        1    0.000    0.000    0.000    0.000 _adapters.py:46(SpecPath)
        1    0.000    0.000    0.000    0.000 {built-in method _hashlib.openssl_sha512}
        1    0.000    0.000    0.000    0.000 feedparser.py:46(BufferedSubFile)
        1    0.000    0.000    0.000    0.000 c_parser.py:2369(_DeclInfo)
        1    0.000    0.000    0.000    0.000 headerregistry.py:260(UnstructuredHeader)
        1    0.000    0.000    0.000    0.000 _colorize.py:12(ANSIColors)
        1    0.000    0.000    0.000    0.000 {built-in method _welpy_cffi.welpy_xdg_activation_request_activate}
        1    0.000    0.000    0.000    0.000 {built-in method _welpy_cffi.welpy_renderer_lost_signal}
        1    0.000    0.000    0.000    0.000 ssl.py:394(_ASN1Object)
        8    0.000    0.000    0.000    0.000 _parser.py:165(__delitem__)
        1    0.000    0.000    0.000    0.000 {built-in method posix.confstr}
        1    0.000    0.000    0.000    0.000 {built-in method _welpy_cffi.welpy_output_layout_change}
        1    0.000    0.000    0.000    0.000 threading.py:1025(_set_native_id)
        1    0.000    0.000    0.000    0.000 {built-in method _welpy_cffi.welpy_text_input_mgr_new}
        3    0.000    0.000    0.000    0.000 version.py:1027(_parse_letter_version)
        3    0.000    0.000    0.000    0.000 {built-in method _welpy_cffi.libinput_device_config_click_get_methods}
        4    0.000    0.000    0.000    0.000 _local.py:346(name)
        1    0.000    0.000    0.000    0.000 {built-in method _welpy_cffi.libinput_device_config_tap_set_drag_enabled}
        1    0.000    0.000    0.000    0.000 dist.py:1138(__init__)
        1    0.000    0.000    0.000    0.000 {built-in method _welpy_cffi.welpy_im_mgr_new}
        1    0.000    0.000    0.000    0.000 _policybase.py:18(_PolicyBase)
        1    0.000    0.000    0.000    0.000 more.py:317(peekable)
        1    0.000    0.000    0.000    0.000 warnings.py:518(deprecated)
        1    0.000    0.000    0.000    0.000 configparser.py:1261(SectionProxy)
        1    0.000    0.000    0.000    0.000 discovery.py:132(PackageFinder)
        1    0.000    0.000    0.000    0.000 {built-in method _welpy_cffi.welpy_xwayland_new_surface}
        1    0.000    0.000    0.000    0.000 cparser.py:148(_warn_for_string_literal)
        1    0.000    0.000    0.000    0.000 c_ast.py:364(Cast)
        1    0.000    0.000    0.000    0.000 {built-in method _welpy_cffi.welpy_supports_timeline}
        2    0.000    0.000    0.000    0.000 __init__.py:451(__init__)
        5    0.000    0.000    0.000    0.000 __init__.py:1302(__init__)
        3    0.000    0.000    0.000    0.000 {built-in method posix.register_at_fork}
        1    0.000    0.000    0.000    0.000 _macos_compat.py:1(<module>)
        1    0.000    0.000    0.000    0.000 {built-in method _welpy_cffi.welpy_im_grab_keyboard}
        1    0.000    0.000    0.000    0.000 subprocess.py:108(_del_safe)
        1    0.000    0.000    0.000    0.000 {built-in method _welpy_cffi.xkb_keymap_min_keycode}
        1    0.000    0.000    0.000    0.000 {built-in method _hashlib.openssl_shake_128}
        1    0.000    0.000    0.000    0.000 __init__.py:899(PathDistribution)
        1    0.000    0.000    0.000    0.000 fancy_getopt.py:37(FancyGetopt)
        4    0.000    0.000    0.000    0.000 c_ast.py:203(__init__)
        1    0.000    0.000    0.000    0.000 __init__.py:1343(__init__)
        1    0.000    0.000    0.000    0.000 {built-in method _welpy_cffi.wlr_output_state_set_enabled}
        1    0.000    0.000    0.000    0.000 {built-in method _welpy_cffi.welpy_xdg_decoration_manager_new}
        1    0.000    0.000    0.000    0.000 request.py:1227(AbstractHTTPHandler)
        2    0.000    0.000    0.000    0.000 {built-in method _welpy_cffi.welpy_xwayland_surface_set_hints}
        1    0.000    0.000    0.000    0.000 threading.py:675(Barrier)
        1    0.000    0.000    0.000    0.000 {built-in method _welpy_cffi.welpy_xwayland_ready}
        1    0.000    0.000    0.000    0.000 tarfile.py:306(_LowLevelFile)
        2    0.000    0.000    0.000    0.000 {built-in method _welpy_cffi.welpy_xwayland_surface_request_activate}
        1    0.000    0.000    0.000    0.000 request.py:1354(HTTPSHandler)
        3    0.000    0.000    0.000    0.000 __init__.py:584(join_continuation)
        1    0.000    0.000    0.000    0.000 threading.py:269(Condition)
        1    0.000    0.000    0.000    0.000 random.py:225(__init_subclass__)
        1    0.000    0.000    0.000    0.000 {built-in method _welpy_cffi.welpy_xdg_shell_new_popup}
        1    0.000    0.000    0.000    0.000 request.py:1374(HTTPCookieProcessor)
        7    0.000    0.000    0.000    0.000 functools.py:1000(__set_name__)
        4    0.000    0.000    0.000    0.000 _static.py:173(is_static)
        1    0.000    0.000    0.000    0.000 {built-in method _welpy_cffi.welpy_cursor_motion}
        1    0.000    0.000    0.000    0.000 threading.py:398(notify)
        1    0.000    0.000    0.000    0.000 ssl.py:159(TLSVersion)
        1    0.000    0.000    0.000    0.000 request.py:1345(HTTPHandler)
        1    0.000    0.000    0.000    0.000 headerregistry.py:490(ContentDispositionHeader)
       10    0.000    0.000    0.000    0.000 {method 'isalpha' of 'str' objects}
       10    0.000    0.000    0.000    0.000 base.py:1355(<genexpr>)
        6    0.000    0.000    0.000    0.000 __init__.py:765(_check_compression)
        4    0.000    0.000    0.000    0.000 _parser.py:294(seek)
        1    0.000    0.000    0.000    0.000 header.py:184(Header)
        1    0.000    0.000    0.000    0.000 __init__.py:1683(addHandler)
        1    0.000    0.000    0.000    0.000 headerregistry.py:327(AddressHeader)
        6    0.000    0.000    0.000    0.000 __init__.py:844(__init__)
        1    0.000    0.000    0.000    0.000 _apply_pyprojecttoml.py:503(_MissingDynamic)
        1    0.000    0.000    0.000    0.000 __init__.py:821(Prepared)
        1    0.000    0.000    0.000    0.000 __init__.py:219(__enter__)
        2    0.000    0.000    0.000    0.000 warnings.py:560(__init__)
        1    0.000    0.000    0.000    0.000 setupcfg.py:522(ConfigMetadataHandler)
        1    0.000    0.000    0.000    0.000 request.py:762(ProxyHandler)
        4    0.000    0.000    0.000    0.000 inspect.py:308(ismethod)
        1    0.000    0.000    0.000    0.000 {built-in method _welpy_cffi.welpy_backend_new_output}
        1    0.000    0.000    0.000    0.000 response.py:68(addinfourl)
        1    0.000    0.000    0.000    0.000 numbers.py:292(Rational)
        1    0.000    0.000    0.000    0.000 feedparser.py:136(FeedParser)
        1    0.000    0.000    0.000    0.000 {built-in method _welpy_cffi.wlr_output_preferred_mode}
        6    0.000    0.000    0.000    0.000 functools.py:435(_unwrap_partial)
        1    0.000    0.000    0.000    0.000 parse.py:361(_fix_result_transcoding)
        1    0.000    0.000    0.000    0.000 __init__.py:222(__exit__)
        1    0.000    0.000    0.000    0.000 dir_util.py:15(SkipRepeatAbsolutePaths)
        9    0.000    0.000    0.000    0.000 {method 'upper' of 'str' objects}
        1    0.000    0.000    0.000    0.000 model.py:25(BaseTypeByIdentity)
        1    0.000    0.000    0.000    0.000 _parseaddr.py:518(AddressList)
        1    0.000    0.000    0.000    0.000 glob.py:7(Translator)
        1    0.000    0.000    0.000    0.000 {built-in method math.isqrt}
        1    0.000    0.000    0.000    0.000 build.py:51(initialize_options)
        1    0.000    0.000    0.000    0.000 c_ast.py:760(FuncCall)
        1    0.000    0.000    0.000    0.000 threading.py:303(__enter__)
        1    0.000    0.000    0.000    0.000 {built-in method _welpy_cffi.welpy_backend_new_input}
        1    0.000    0.000    0.000    0.000 filelist.py:335(_UniqueDirs)
        1    0.000    0.000    0.000    0.000 {built-in method _welpy_cffi.welpy_session_lock_mgr_new_lock}
        1    0.000    0.000    0.000    0.000 {built-in method _welpy_cffi.welpy_output_power_mgr_set_mode}
        1    0.000    0.000    0.000    0.000 platform.py:865(_Processor)
        1    0.000    0.000    0.000    0.000 {built-in method _welpy_cffi.welpy_layer_shell_new_surface}
        1    0.000    0.000    0.000    0.000 __init__.py:554(Formatter)
       12    0.000    0.000    0.000    0.000 {method '__init_subclass__' of 'object' objects}
        1    0.000    0.000    0.000    0.000 __init__.py:436(Stripper)
        1    0.000    0.000    0.000    0.000 _header_value_parser.py:472(Mailbox)
        1    0.000    0.000    0.000    0.000 iterators.py:1(<module>)
        1    0.000    0.000    0.000    0.000 string.py:57(Template)
        1    0.000    0.000    0.000    0.000 {built-in method _welpy_cffi.welpy_im_new_popup}
       10    0.000    0.000    0.000    0.000 __future__.py:83(__init__)
       16    0.000    0.000    0.000    0.000 enum.py:181(__init__)
        1    0.000    0.000    0.000    0.000 {built-in method _welpy_cffi.welpy_seat_request_set_primary_selection}
        1    0.000    0.000    0.000    0.000 _compression.py:33(DecompressReader)
        1    0.000    0.000    0.000    0.000 tarfile.py:575(_StreamProxy)
        1    0.000    0.000    0.000    0.000 more.py:3995(callback_iter)
        6    0.000    0.000    0.000    0.000 typing.py:3339(<lambda>)
        1    0.000    0.000    0.000    0.000 {built-in method _welpy_cffi.welpy_xdg_shell_new_toplevel}
        1    0.000    0.000    0.000    0.000 tarfile.py:741(SpecialFileError)
        1    0.000    0.000    0.000    0.000 c_ast.py:566(DoWhile)
        1    0.000    0.000    0.000    0.000 bdist.py:37(ListCompat)
        1    0.000    0.000    0.000    0.000 {built-in method _hashlib.openssl_sha3_256}
        2    0.000    0.000    0.000    0.000 typing.py:1233(<genexpr>)
        1    0.000    0.000    0.000    0.000 __init__.py:1226(_ZipWriteFile)
        1    0.000    0.000    0.000    0.000 headerregistry.py:504(ContentTransferEncodingHeader)
        1    0.000    0.000    0.000    0.000 discovery.py:499(_find_name_single_package_or_module)
        1    0.000    0.000    0.000    0.000 warnings.py:442(catch_warnings)
        1    0.000    0.000    0.000    0.000 <frozen importlib._bootstrap>:1158(create_module)
        1    0.000    0.000    0.000    0.000 dist.py:94(assert_string_list)
        1    0.000    0.000    0.000    0.000 headerregistry.py:468(ContentTypeHeader)
        1    0.000    0.000    0.000    0.000 {built-in method _hashlib.openssl_sha384}
        1    0.000    0.000    0.000    0.000 request.py:396(OpenerDirector)
        1    0.000    0.000    0.000    0.000 c_ast.py:944(Label)
        1    0.000    0.000    0.000    0.000 _header_value_parser.py:280(Comment)
        1    0.000    0.000    0.000    0.000 _header_value_parser.py:899(Terminal)
        1    0.000    0.000    0.000    0.000 traceback.py:974(_ExceptionPrintContext)
        1    0.000    0.000    0.000    0.000 tempfile.py:228(_get_candidate_names)
        4    0.000    0.000    0.000    0.000 _apply_pyprojecttoml.py:403(_some_attrgetter)
        8    0.000    0.000    0.000    0.000 {method 'pop' of 'set' objects}
        1    0.000    0.000    0.000    0.000 discovery.py:185(ModuleFinder)
        1    0.000    0.000    0.000    0.000 {built-in method _cffi_backend._get_common_types}
        1    0.000    0.000    0.000    0.000 tarfile.py:713(ExFileObject)
        1    0.000    0.000    0.000    0.000 {built-in method _welpy_cffi.welpy_seat_request_set_selection}
        1    0.000    0.000    0.000    0.000 {built-in method math.exp}
        2    0.000    0.000    0.000    0.000 {method 'removeprefix' of 'str' objects}
        6    0.000    0.000    0.000    0.000 __init__.py:2003(close)
        1    0.000    0.000    0.000    0.000 _parseaddr.py:215(AddrlistClass)
        1    0.000    0.000    0.000    0.000 {built-in method _welpy_cffi.wl_display_get_event_loop}
        1    0.000    0.000    0.000    0.000 model.py:490(EnumType)
        1    0.000    0.000    0.000    0.000 {built-in method _thread.get_native_id}
        1    0.000    0.000    0.000    0.000 ipaddress.py:563(_BaseAddress)
        2    0.000    0.000    0.000    0.000 sysconfig.py:166(_get_python_inc_posix_python)
        2    0.000    0.000    0.000    0.000 {method '__typing_prepare_subst__' of 'typing.TypeVar' objects}
        1    0.000    0.000    0.000    0.000 _header_value_parser.py:573(DisplayName)
        1    0.000    0.000    0.000    0.000 __init__.py:49(PackageNotFoundError)
        1    0.000    0.000    0.000    0.000 _meta.py:47(SimplePath)
        1    0.000    0.000    0.000    0.000 dist.py:210(check_package_data)
        2    0.000    0.000    0.000    0.000 c_ast.py:437(__init__)
        1    0.000    0.000    0.000    0.000 {built-in method _welpy_cffi.wlr_output_state_set_mode}
        1    0.000    0.000    0.000    0.000 {built-in method _hashlib.openssl_sha256}
        1    0.000    0.000    0.000    0.000 charset.py:162(Charset)
        5    0.000    0.000    0.000    0.000 dataclasses.py:1232(<genexpr>)
        4    0.000    0.000    0.000    0.000 {built-in method maketrans}
        2    0.000    0.000    0.000    0.000 recompiler.py:1422(_is_file_like)
        1    0.000    0.000    0.000    0.000 _elffile.py:40(ELFFile)
        1    0.000    0.000    0.000    0.000 version.py:993(_TrimmedRelease)
        1    0.000    0.000    0.000    0.000 {built-in method _welpy_cffi.welpy_seat_request_set_cursor}
        1    0.000    0.000    0.000    0.000 {built-in method _welpy_cffi.welpy_cursor_motion_absolute}
        1    0.000    0.000    0.000    0.000 extension.py:39(Extension)
        1    0.000    0.000    0.000    0.000 request.py:1021(HTTPBasicAuthHandler)
        1    0.000    0.000    0.000    0.000 {built-in method _welpy_cffi.xkb_keymap_max_keycode}
        1    0.000    0.000    0.000    0.000 c_ast.py:1148(TernaryOp)
        2    0.000    0.000    0.000    0.000 c_ast.py:647(__init__)
        2    0.000    0.000    0.000    0.000 typing.py:310(_check_generic_specialization)
        1    0.000    0.000    0.000    0.000 encoder.py:74(JSONEncoder)
        1    0.000    0.000    0.000    0.000 response.py:14(addbase)
        1    0.000    0.000    0.000    0.000 expand.py:379(EnsurePackagesDiscovered)
        1    0.000    0.000    0.000    0.000 {built-in method _hashlib.openssl_sha3_384}
        1    0.000    0.000    0.000    0.000 {built-in method _welpy_cffi.welpy_cursor_button}
        1    0.000    0.000    0.000    0.000 threading.py:581(Event)
        1    0.000    0.000    0.000    0.000 build.py:19(SubCommand)
        1    0.000    0.000    0.000    0.000 {built-in method _welpy_cffi.welpy_virtual_keyboard_mgr_new}
        1    0.000    0.000    0.000    0.000 _functools.py:6(method_cache)
        1    0.000    0.000    0.000    0.000 _adapters.py:12(__init__)
        1    0.000    0.000    0.000    0.000 request.py:1507(FTPHandler)
        1    0.000    0.000    0.000    0.000 {built-in method _welpy_cffi.libinput_device_config_tap_set_button_map}
        4    0.000    0.000    0.000    0.000 typing.py:3127(_namedtuple_mro_entries)
        8    0.000    0.000    0.000    0.000 inspect.py:3116(parameters)
        3    0.000    0.000    0.000    0.000 build_ext.py:709(get_ext_fullname)
        1    0.000    0.000    0.000    0.000 {built-in method _welpy_cffi.welpy_output_request_state}
        1    0.000    0.000    0.000    0.000 version.py:135(_BaseVersion)
        1    0.000    0.000    0.000    0.000 __init__.py:226(insert_shim)
        1    0.000    0.000    0.000    0.000 threading.py:318(_is_owned)
        1    0.000    0.000    0.000    0.000 errors.py:97(NonPrintableDefect)
        1    0.000    0.000    0.000    0.000 depends.py:20(Require)
        1    0.000    0.000    0.000    0.000 cffi_opcode.py:3(CffiOp)
        1    0.000    0.000    0.000    0.000 {built-in method _cffi_backend.cast}
        1    0.000    0.000    0.000    0.000 c_ast.py:142(NodeVisitor)
        1    0.000    0.000    0.000    0.000 selectors.py:281(SelectSelector)
        1    0.000    0.000    0.000    0.000 request.py:1215(ProxyDigestAuthHandler)
        1    0.000    0.000    0.000    0.000 model.py:83(Client)
        1    0.000    0.000    0.000    0.000 typing.py:235(_type_repr)
        1    0.000    0.000    0.000    0.000 dist.py:637(finalize_options)
        1    0.000    0.000    0.000    0.000 c_lexer.py:639(_FixedToken)
        1    0.000    0.000    0.000    0.000 decoder.py:262(JSONDecoder)
        1    0.000    0.000    0.000    0.000 model.py:340(get_official_name)
        1    0.000    0.000    0.000    0.000 {built-in method _cffi_backend.new_primitive_type}
        1    0.000    0.000    0.000    0.000 header.py:545(_Accumulator)
        1    0.000    0.000    0.000    0.000 {built-in method _welpy_cffi.welpy_cursor_frame}
        1    0.000    0.000    0.000    0.000 threading.py:141(_RLock)
        1    0.000    0.000    0.000    0.000 tempfile.py:433(_TemporaryFileCloser)
        1    0.000    0.000    0.000    0.000 ssl.py:185(_TLSAlertType)
        1    0.000    0.000    0.000    0.000 more.py:2869(SequenceView)
        1    0.000    0.000    0.000    0.000 build.py:12(build)
        1    0.000    0.000    0.000    0.000 {built-in method _welpy_cffi.welpy_pointer_constraints_new_constraint}
        1    0.000    0.000    0.000    0.000 tarfile.py:278(CompressionError)
        1    0.000    0.000    0.000    0.000 model.py:579(get_typecache)
        8    0.000    0.000    0.000    0.000 inspect.py:3120(return_annotation)
        1    0.000    0.000    0.000    0.000 {built-in method _welpy_cffi.wlr_output_state_set_scale}
        1    0.000    0.000    0.000    0.000 {built-in method _welpy_cffi.welpy_im_destroy}
        1    0.000    0.000    0.000    0.000 model.py:239(FunctionPtrType)
        1    0.000    0.000    0.000    0.000 {built-in method _hashlib.openssl_sha3_512}
        1    0.000    0.000    0.000    0.000 ssl.py:227(_TLSMessageType)
        1    0.000    0.000    0.000    0.000 more.py:2914(seekable)
        1    0.000    0.000    0.000    0.000 {built-in method _welpy_cffi.welpy_cursor_axis}
        1    0.000    0.000    0.000    0.000 subprocess.py:169(TimeoutExpired)
        1    0.000    0.000    0.000    0.000 {built-in method _welpy_cffi.libinput_device_config_dwt_set_enabled}
        1    0.000    0.000    0.000    0.000 _parser.py:15(Node)
        1    0.000    0.000    0.000    0.000 tarfile.py:729(AbsolutePathError)
        1    0.000    0.000    0.000    0.000 _policybase.py:279(Compat32)
        1    0.000    0.000    0.000    0.000 request.py:1197(HTTPDigestAuthHandler)
        9    0.000    0.000    0.000    0.000 recompiler.py:112(__init__)
        1    0.000    0.000    0.000    0.000 _header_value_parser.py:402(NameAddr)
        2    0.000    0.000    0.000    0.000 setupcfg.py:262(_section_options)
        1    0.000    0.000    0.000    0.000 headerregistry.py:537(ReferencesHeader)
        1    0.000    0.000    0.000    0.000 tarfile.py:269(TarError)
        1    0.000    0.000    0.000    0.000 tempfile.py:133(_RandomNameSequence)
        6    0.000    0.000    0.000    0.000 {method 'isdisjoint' of 'set' objects}
        1    0.000    0.000    0.000    0.000 _adapters.py:81(ChildPath)
        1    0.000    0.000    0.000    0.000 specifiers.py:60(_BoundaryVersion)
        8    0.000    0.000    0.000    0.000 typing.py:3019(<genexpr>)
        1    0.000    0.000    0.000    0.000 headerregistry.py:525(MessageIDHeader)
        1    0.000    0.000    0.000    0.000 client.py:1474(HTTPSConnection)
        1    0.000    0.000    0.000    0.000 string.py:188(Formatter)
        1    0.000    0.000    0.000    0.000 configparser.py:1229(ConfigParser)
        1    0.000    0.000    0.000    0.000 tarfile.py:746(AbsoluteLinkError)
        1    0.000    0.000    0.000    0.000 __init__.py:778(Filter)
        1    0.000    0.000    0.000    0.000 {built-in method _hashlib.openssl_shake_256}
        2    0.000    0.000    0.000    0.000 {built-in method math.log}
        1    0.000    0.000    0.000    0.000 __init__.py:176(HTTPMethod)
        1    0.000    0.000    0.000    0.000 {built-in method _cffi_backend._get_types}
        1    0.000    0.000    0.000    0.000 lock.py:1(<module>)
        1    0.000    0.000    0.000    0.000 _collections.py:27(Pair)
        1    0.000    0.000    0.000    0.000 {built-in method sys.getfilesystemencoding}
        1    0.000    0.000    0.000    0.000 discovery.py:303(__init__)
        1    0.000    0.000    0.000    0.000 _local.py:30(_PathParents)
        1    0.000    0.000    0.000    0.000 headerregistry.py:439(ParameterizedMIMEHeader)
        1    0.000    0.000    0.000    0.000 _header_value_parser.py:241(QuotedString)
        1    0.000    0.000    0.000    0.000 header.py:417(_ValueFormatter)
        1    0.000    0.000    0.000    0.000 markers.py:75(Environment)
        1    0.000    0.000    0.000    0.000 abc.py:80(ResourceLoader)
        1    0.000    0.000    0.000    0.000 layout.py:18(Rect)
        4    0.000    0.000    0.000    0.000 {method 'bit_length' of 'int' objects}
        1    0.000    0.000    0.000    0.000 discovery.py:68(_Filter)
        1    0.000    0.000    0.000    0.000 _tokenizer.py:18(ParserSyntaxError)
        2    0.000    0.000    0.000    0.000 c_ast.py:626(__init__)
        1    0.000    0.000    0.000    0.000 <frozen _collections_abc>:850(__init__)
        1    0.000    0.000    0.000    0.000 _adapters.py:7(SpecLoaderAdapter)
        2    0.000    0.000    0.000    0.000 dist.py:792(_removed)
        1    0.000    0.000    0.000    0.000 dist.py:311(get_option_dict)
        1    0.000    0.000    0.000    0.000 tarfile.py:734(OutsideDestinationError)
        1    0.000    0.000    0.000    0.000 queue.py:280(PriorityQueue)
        1    0.000    0.000    0.000    0.000 {built-in method _welpy_cffi.welpy_output_destroy_signal}
        1    0.000    0.000    0.000    0.000 __init__.py:230(_remove_shim)
        1    0.000    0.000    0.000    0.000 recompiler.py:95(as_c_expr)
        1    0.000    0.000    0.000    0.000 model.py:345(StructOrUnion)
        1    0.000    0.000    0.000    0.000 selectors.py:426(EpollSelector)
        1    0.000    0.000    0.000    0.000 request.py:1392(UnknownHandler)
        1    0.000    0.000    0.000    0.000 extension.py:23(Extension)
        1    0.000    0.000    0.000    0.000 _header_value_parser.py:534(AddrSpec)
        1    0.000    0.000    0.000    0.000 request.py:1032(ProxyBasicAuthHandler)
        1    0.000    0.000    0.000    0.000 request.py:805(HTTPPasswordMgr)
        1    0.000    0.000    0.000    0.000 c_lexer.py:15(_Token)
        1    0.000    0.000    0.000    0.000 requirements.py:30(Requirement)
        1    0.000    0.000    0.000    0.000 _functools.py:1(<module>)
        1    0.000    0.000    0.000    0.000 request.py:879(HTTPPasswordMgrWithPriorAuth)
        1    0.000    0.000    0.000    0.000 _compression.py:9(BaseStream)
        1    0.000    0.000    0.000    0.000 __init__.py:511(StringTemplateStyle)
        1    0.000    0.000    0.000    0.000 _header_value_parser.py:830(ParameterizedHeaderValue)
        2    0.000    0.000    0.000    0.000 dist.py:783(by_order)
        1    0.000    0.000    0.000    0.000 {built-in method _cffi_backend.new_array_type}
        1    0.000    0.000    0.000    0.000 selectors.py:330(_PollLikeSelector)
        1    0.000    0.000    0.000    0.000 headerregistry.py:104(Group)
        1    0.000    0.000    0.000    0.000 _header_value_parser.py:306(AddressList)
        1    0.000    0.000    0.000    0.000 build_ext.py:331(<genexpr>)
        2    0.000    0.000    0.000    0.000 setupcfg.py:481(parse)
        1    0.000    0.000    0.000    0.000 getopt.py:43(GetoptError)
        1    0.000    0.000    0.000    0.000 recompiler.py:129(__init__)
        4    0.000    0.000    0.000    0.000 contextlib.py:359(__init__)
        1    0.000    0.000    0.000    0.000 _header_value_parser.py:429(AngleAddr)
        1    0.000    0.000    0.000    0.000 setupcfg.py:761(_AmbiguousMarker)
        1    0.000    0.000    0.000    0.000 parse.py:190(_NetlocResultMixinStr)
        1    0.000    0.000    0.000    0.000 __init__.py:306(PackagePath)
        4    0.000    0.000    0.000    0.000 {method '__exit__' of 'posix.ScandirIterator' objects}
        1    0.000    0.000    0.000    0.000 recompiler.py:88(__init__)
        1    0.000    0.000    0.000    0.000 __future__.py:81(_Feature)
        1    0.000    0.000    0.000    0.000 {built-in method _thread._make_thread_handle}
        1    0.000    0.000    0.000    0.000 _header_value_parser.py:199(WhiteSpaceTokenList)
        1    0.000    0.000    0.000    0.000 build_ext.py:338(<genexpr>)
        1    0.000    0.000    0.000    0.000 parser.py:16(Parser)
        1    0.000    0.000    0.000    0.000 abc.py:149(ExecutionLoader)
        1    0.000    0.000    0.000    0.000 selectors.py:60(_SelectorMapping)
        1    0.000    0.000    0.000    0.000 threading.py:1268(_make_invoke_excepthook)
        1    0.000    0.000    0.000    0.000 discovery.py:359(_explicitly_specified)
        1    0.000    0.000    0.000    0.000 discovery.py:179(PEP420PackageFinder)
        1    0.000    0.000    0.000    0.000 random.py:880(SystemRandom)
        1    0.000    0.000    0.000    0.000 model.py:57(Monitor)
        1    0.000    0.000    0.000    0.000 _header_value_parser.py:381(Group)
        1    0.000    0.000    0.000    0.000 version.py:81(_VersionReplace)
        1    0.000    0.000    0.000    0.000 __init__.py:245(sic)
        1    0.000    0.000    0.000    0.000 ext_workspace.py:35(_Group)
        1    0.000    0.000    0.000    0.000 __init__.py:1358(disable)
        1    0.000    0.000    0.000    0.000 __init__.py:237(Splitter)
        1    0.000    0.000    0.000    0.000 _local.py:839(PosixPath)
        1    0.000    0.000    0.000    0.000 selectors.py:210(_BaseSelectorImpl)
        1    0.000    0.000    0.000    0.000 _header_value_parser.py:510(Domain)
        1    0.000    0.000    0.000    0.000 base.py:528(_need_link)
        1    0.000    0.000    0.000    0.000 __init__.py:1272(_StderrHandler)
        1    0.000    0.000    0.000    0.000 threading.py:306(__exit__)
        1    0.000    0.000    0.000    0.000 request.py:615(HTTPRedirectHandler)
        1    0.000    0.000    0.000    0.000 client.py:1526(IncompleteRead)
        1    0.000    0.000    0.000    0.000 c_ast.py:665(EnumeratorList)
        1    0.000    0.000    0.000    0.000 pyprojecttoml.py:413(_EnsurePackagesDiscovered)
        1    0.000    0.000    0.000    0.000 more.py:1098(bucket)
        1    0.000    0.000    0.000    0.000 recompiler.py:14(GlobalExpr)
        1    0.000    0.000    0.000    0.000 model.py:38(Grab)
        1    0.000    0.000    0.000    0.000 __init__.py:662(Context)
        1    0.000    0.000    0.000    0.000 recompiler.py:1408(_emit_bytecode_EnumType)
        1    0.000    0.000    0.000    0.000 c_ast.py:591(EllipsisParam)
        1    0.000    0.000    0.000    0.000 c_ast.py:1259(UnaryOp)
        1    0.000    0.000    0.000    0.000 ext_workspace.py:43(_Workspace)
        1    0.000    0.000    0.000    0.000 decoder.py:20(JSONDecodeError)
        1    0.000    0.000    0.000    0.000 c_ast.py:200(ArrayDecl)
        1    0.000    0.000    0.000    0.000 tempfile.py:476(_TemporaryFileWrapper)
        1    0.000    0.000    0.000    0.000 _adapters.py:112(OrphanPath)
        1    0.000    0.000    0.000    0.000 expand.py:53(StaticModule)
        1    0.000    0.000    0.000    0.000 tarfile.py:751(LinkOutsideDestinationError)
        1    0.000    0.000    0.000    0.000 request.py:1623(DataHandler)
        1    0.000    0.000    0.000    0.000 ipaddress.py:2300(IPv6Network)
        1    0.000    0.000    0.000    0.000 specifiers.py:123(_LowerBound)
        1    0.000    0.000    0.000    0.000 model.py:69(LayerSurface)
        1    0.000    0.000    0.000    0.000 _header_value_parser.py:325(Address)
        1    0.000    0.000    0.000    0.000 __init__.py:2126(PyZipFile)
        1    0.000    0.000    0.000    0.000 threading.py:536(BoundedSemaphore)
        1    0.000    0.000    0.000    0.000 model.py:311(length_is_unknown)
        1    0.000    0.000    0.000    0.000 typing.py:1130(_is_typevar_like)
        5    0.000    0.000    0.000    0.000 _macos_compat.py:5(bypass_compiler_fixup)
        1    0.000    0.000    0.000    0.000 <string>:1(<lambda>)
        1    0.000    0.000    0.000    0.000 tarfile.py:758(LinkFallbackError)
        1    0.000    0.000    0.000    0.000 __init__.py:1190(FileHandler)
        1    0.000    0.000    0.000    0.000 _header_value_parser.py:621(LocalPart)
        1    0.000    0.000    0.000    0.000 tarfile.py:272(ExtractError)
        1    0.000    0.000    0.000    0.000 version.py:327(_Version)
        1    0.000    0.000    0.000    0.000 dist.py:1029(has_ext_modules)
        1    0.000    0.000    0.000    0.000 _parser.py:59(ParsedRequirement)
        1    0.000    0.000    0.000    0.000 threading.py:449(Semaphore)
        1    0.000    0.000    0.000    0.000 _header_value_parser.py:680(Parameter)
        1    0.000    0.000    0.000    0.000 configparser.py:177(Error)
        1    0.000    0.000    0.000    0.000 __init__.py:10(warn_distutils_present)
        1    0.000    0.000    0.000    0.000 model.py:48(Workspace)
        1    0.000    0.000    0.000    0.000 layout.py:41(Container)
        1    0.000    0.000    0.000    0.000 _header_value_parser.py:657(DomainLiteral)
        1    0.000    0.000    0.000    0.000 _collections.py:5(FreezableDefaultDict)
        1    0.000    0.000    0.000    0.000 dist.py:467(_expand_patterns)
        1    0.000    0.000    0.000    0.000 __init__.py:415(SeparatedValues)
        1    0.000    0.000    0.000    0.000 model.py:191(InputRelay)
        2    0.000    0.000    0.000    0.000 {method 'deleter' of 'property' objects}
        1    0.000    0.000    0.000    0.000 encoder.py:105(__init__)
        1    0.000    0.000    0.000    0.000 ssl.py:170(_TLSContentType)
        5    0.000    0.000    0.000    0.000 {method 'mro' of 'type' objects}
        1    0.000    0.000    0.000    0.000 _header_value_parser.py:962(EWWhiteSpaceTerminal)
        1    0.000    0.000    0.000    0.000 model.py:101(XdgClient)
        2    0.000    0.000    0.000    0.000 cparser.py:457(_add_constants)
        1    0.000    0.000    0.000    0.000 c_ast.py:323(Break)
        1    0.000    0.000    0.000    0.000 selectors.py:414(PollSelector)
        1    0.000    0.000    0.000    0.000 recipes.py:364(UnequalIterablesError)
        1    0.000    0.000    0.000    0.000 abc.py:52(MetaPathFinder)
        6    0.000    0.000    0.000    0.000 signal.py:50(_wraps)
        2    0.000    0.000    0.000    0.000 <frozen _collections_abc>:345(__subclasshook__)
        1    0.000    0.000    0.000    0.000 __init__.py:83(InitializedState)
        1    0.000    0.000    0.000    0.000 _musllinux.py:18(_MuslVersion)
        1    0.000    0.000    0.000    0.000 __init__.py:334(on_interrupt)
        1    0.000    0.000    0.000    0.000 __init__.py:132(DistutilsLoader)
        1    0.000    0.000    0.000    0.000 recompiler.py:1341(_emit_bytecode_VoidType)
        1    0.000    0.000    0.000    0.000 request.py:594(HTTPErrorProcessor)
        4    0.000    0.000    0.000    0.000 {method 'close' of 'generator' objects}
        1    0.000    0.000    0.000    0.000 _header_value_parser.py:268(BareQuotedString)
        1    0.000    0.000    0.000    0.000 _header_value_parser.py:744(MimeParameters)
        1    0.000    0.000    0.000    0.000 headerregistry.py:576(HeaderRegistry)
        1    0.000    0.000    0.000    0.000 abc.py:199(SourceLoader)
        1    0.000    0.000    0.000    0.000 geometry.py:86(<genexpr>)
        1    0.000    0.000    0.000    0.000 _header_value_parser.py:499(InvalidMailbox)
        1    0.000    0.000    0.000    0.000 configparser.py:252(NoOptionError)
        1    0.000    0.000    0.000    0.000 dist.py:1032(has_c_libraries)
        1    0.000    0.000    0.000    0.000 py39.py:28(UnequalIterablesError)
        1    0.000    0.000    0.000    0.000 __init__.py:2266(NullHandler)
       13    0.000    0.000    0.000    0.000 inspect.py:2825(default)
        1    0.000    0.000    0.000    0.000 {method '__enter__' of '_thread.lock' objects}
        1    0.000    0.000    0.000    0.000 _tokenizer.py:11(Token)
        1    0.000    0.000    0.000    0.000 request.py:575(BaseHandler)
        1    0.000    0.000    0.000    0.000 expand.py:422(LazyMappingProxy)
        1    0.000    0.000    0.000    0.000 tarfile.py:726(FilterError)
        1    0.000    0.000    0.000    0.000 c_ast.py:1205(Typedef)
        1    0.000    0.000    0.000    0.000 _local.py:851(WindowsPath)
        1    0.000    0.000    0.000    0.000 error.py:2(FFIError)
        1    0.000    0.000    0.000    0.000 c_ast.py:251(Assignment)
        1    0.000    0.000    0.000    0.000 _header_value_parser.py:350(MailboxList)
        1    0.000    0.000    0.000    0.000 _header_value_parser.py:364(GroupList)
        1    0.000    0.000    0.000    0.000 _spdx.py:6(SPDXLicense)
        1    0.000    0.000    0.000    0.000 response.py:37(addclosehook)
        1    0.000    0.000    0.000    0.000 parse.py:220(_NetlocResultMixinBytes)
        1    0.000    0.000    0.000    0.000 parse.py:856(_Quoter)
        1    0.000    0.000    0.000    0.000 specifiers.py:164(_UpperBound)
        1    0.000    0.000    0.000    0.000 dir_util.py:23(__init__)
        1    0.000    0.000    0.000    0.000 __init__.py:694(LZMACompressor)
        1    0.000    0.000    0.000    0.000 c_ast.py:861(__init__)
        1    0.000    0.000    0.000    0.000 c_ast.py:226(ArrayRef)
        1    0.000    0.000    0.000    0.000 c_ast.py:277(Alignas)
        1    0.000    0.000    0.000    0.000 __init__.py:1830(RootLogger)
        1    0.000    0.000    0.000    0.000 _header_value_parser.py:942(WhiteSpaceTerminal)
        1    0.000    0.000    0.000    0.000 feedparser.py:532(BytesFeedParser)
        1    0.000    0.000    0.000    0.000 __init__.py:818(_SharedFile)
        1    0.000    0.000    0.000    0.000 __init__.py:736(BufferingFormatter)
        1    0.000    0.000    0.000    0.000 {method 'rindex' of 'str' objects}
        1    0.000    0.000    0.000    0.000 configparser.py:1383(__iter__)
        1    0.000    0.000    0.000    0.000 _static.py:9(Static)
        1    0.000    0.000    0.000    0.000 errors.py:37(MessageDefect)
        1    0.000    0.000    0.000    0.000 c_ast.py:685(ExprList)
        1    0.000    0.000    0.000    0.000 model.py:328(StructOrUnionOrEnum)
        4    0.000    0.000    0.000    0.000 contextlib.py:361(__enter__)
        1    0.000    0.000    0.000    0.000 configparser.py:380(Interpolation)
        1    0.000    0.000    0.000    0.000 client.py:188(HTTPMessage)
        1    0.000    0.000    0.000    0.000 tarfile.py:275(ReadError)
        1    0.000    0.000    0.000    0.000 _policybase.py:41(__init__)
        1    0.000    0.000    0.000    0.000 recompiler.py:30(FieldExpr)
        1    0.000    0.000    0.000    0.000 model.py:151(PointerConstraint)
        1    0.000    0.000    0.000    0.000 recompiler.py:58(StructUnionExpr)
        1    0.000    0.000    0.000    0.000 model.py:180(InputPopup)
        1    0.000    0.000    0.000    0.000 model.py:294(ArrayType)
        1    0.000    0.000    0.000    0.000 tarfile.py:287(EmptyHeaderError)
        1    0.000    0.000    0.000    0.000 fancy_getopt.py:450(OptionDummy)
        1    0.000    0.000    0.000    0.000 more.py:2605(islice_extended)
        1    0.000    0.000    0.000    0.000 model.py:124(SessionLock)
        1    0.000    0.000    0.000    0.000 model.py:114(Unmanaged)
        9    0.000    0.000    0.000    0.000 recompiler.py:641(_generate_cpy_typedef_decl)
        1    0.000    0.000    0.000    0.000 warnings.py:420(WarningMessage)
        1    0.000    0.000    0.000    0.000 _manylinux.py:81(_GLibCVersion)
        1    0.000    0.000    0.000    0.000 model.py:170(TextInput)
        1    0.000    0.000    0.000    0.000 threading.py:1369(_DeleteDummyThreadOnDel)
        1    0.000    0.000    0.000    0.000 _parser.py:102(checklookbehindgroup)
        1    0.000    0.000    0.000    0.000 __init__.py:176(FastLookup)
        2    0.000    0.000    0.000    0.000 build_ext.py:512(_filter_build_errors)
        1    0.000    0.000    0.000    0.000 parser.py:75(BytesParser)
        1    0.000    0.000    0.000    0.000 tarfile.py:284(HeaderError)
        1    0.000    0.000    0.000    0.000 message.py:1212(EmailMessage)
        1    0.000    0.000    0.000    0.000 error.py:19(URLError)
        1    0.000    0.000    0.000    0.000 model.py:72(BaseType)
        1    0.000    0.000    0.000    0.000 __init__.py:286(LogRecord)
        1    0.000    0.000    0.000    0.000 threading.py:1398(_DummyThread)
        1    0.000    0.000    0.000    0.000 _local.py:462(PurePosixPath)
        1    0.000    0.000    0.000    0.000 tarfile.py:281(StreamError)
        1    0.000    0.000    0.000    0.000 model.py:134(LockSurface)
        1    0.000    0.000    0.000    0.000 c_ast.py:705(FileAST)
        1    0.000    0.000    0.000    0.000 shell.py:1(<module>)
        1    0.000    0.000    0.000    0.000 base.py:403(_get_cc_args)
        1    0.000    0.000    0.000    0.000 __init__.py:324(FileHash)
        1    0.000    0.000    0.000    0.000 tarfile.py:290(TruncatedHeaderError)
        1    0.000    0.000    0.000    0.000 numbers.py:37(Number)
        1    0.000    0.000    0.000    0.000 __init__.py:815(Filterer)
        1    0.000    0.000    0.000    0.000 threading.py:1321(Timer)
        1    0.000    0.000    0.000    0.000 _header_value_parser.py:884(MessageIDList)
        1    0.000    0.000    0.000    0.000 __init__.py:770(Lookup)
        1    0.000    0.000    0.000    0.000 _adapters.py:16(__getattr__)
        1    0.000    0.000    0.000    0.000 model.py:159(KeyboardGroup)
        1    0.000    0.000    0.000    0.000 _header_value_parser.py:234(EncodedWord)
        1    0.000    0.000    0.000    0.000 readers.py:34(files)
        1    0.000    0.000    0.000    0.000 __init__.py:332(DeprecatedNonAbstract)
        1    0.000    0.000    0.000    0.000 tarfile.py:293(EOFHeaderError)
        1    0.000    0.000    0.000    0.000 markers.py:54(InvalidMarker)
        1    0.000    0.000    0.000    0.000 more.py:3496(time_limited)
        1    0.000    0.000    0.000    0.000 c_parser.py:46(ParseError)
        1    0.000    0.000    0.000    0.000 c_ast.py:389(Compound)
        1    0.000    0.000    0.000    0.000 c_ast.py:876(IdentifierType)
        1    0.000    0.000    0.000    0.000 __init__.py:1030(setFormatter)
        1    0.000    0.000    0.000    0.000 _header_value_parser.py:463(ObsRoute)
        1    0.000    0.000    0.000    0.000 tarfile.py:299(SubsequentHeaderError)
        1    0.000    0.000    0.000    0.000 errors.py:41(RemovedCommandError)
        1    0.000    0.000    0.000    0.000 parser.py:67(HeaderParser)
        1    0.000    0.000    0.000    0.000 queue.py:31(Full)
        1    0.000    0.000    0.000    0.000 __init__.py:171(_special_method_cache)
        1    0.000    0.000    0.000    0.000 c_ast.py:708(__init__)
        1    0.000    0.000    0.000    0.000 c_ast.py:644(Enumerator)
        1    0.000    0.000    0.000    0.000 render.py:1(<module>)
        1    0.000    0.000    0.000    0.000 model.py:224(RawFunctionType)
        1    0.000    0.000    0.000    0.000 _header_value_parser.py:713(Attribute)
        1    0.000    0.000    0.000    0.000 tarfile.py:296(InvalidHeaderError)
        1    0.000    0.000    0.000    0.000 parse.py:323(DefragResult)
        1    0.000    0.000    0.000    0.000 errors.py:8(MessageError)
        1    0.000    0.000    0.000    0.000 utils.py:39(InvalidName)
        1    0.000    0.000    0.000    0.000 errors.py:33(DistutilsClassError)
        1    0.000    0.000    0.000    0.000 model.py:88(__init__)
        1    0.000    0.000    0.000    0.000 model.py:85(VoidType)
        1    0.000    0.000    0.000    0.000 model.py:261(PointerType)
        1    0.000    0.000    0.000    0.000 parse.py:136(_ResultMixinStr)
        1    0.000    0.000    0.000    0.000 _parser.py:31(Variable)
        1    0.000    0.000    0.000    0.000 _parser.py:38(Value)
        1    0.000    0.000    0.000    0.000 __init__.py:861(_Tellable)
        1    0.000    0.000    0.000    0.000 c_ast.py:297(BinaryOp)
        1    0.000    0.000    0.000    0.000 c_ast.py:472(Decl)
        1    0.000    0.000    0.000    0.000 _header_value_parser.py:952(ValueTerminal)
        1    0.000    0.000    0.000    0.000 headerregistry.py:387(SingleAddressHeader)
        1    0.000    0.000    0.000    0.000 response.py:57(addinfo)
        1    0.000    0.000    0.000    0.000 queue.py:299(LifoQueue)
        5    0.000    0.000    0.000    0.000 platform.py:915(_unknown_as_blank)
        1    0.000    0.000    0.000    0.000 __init__.py:39(BadZipFile)
        1    0.000    0.000    0.000    0.000 model.py:205(VirtualKeyboard)
        1    0.000    0.000    0.000    0.000 c_ast.py:339(Case)
        1    0.000    0.000    0.000    0.000 c_ast.py:434(Constant)
        1    0.000    0.000    0.000    0.000 c_ast.py:526(DeclList)
        1    0.000    0.000    0.000    0.000 c_ast.py:546(Default)
        1    0.000    0.000    0.000    0.000 c_ast.py:623(Enum)
        1    0.000    0.000    0.000    0.000 model.py:108(X11Client)
        1    0.000    0.000    0.000    0.000 __init__.py:60(InvalidLicenseExpression)
        1    0.000    0.000    0.000    0.000 errors.py:85(HeaderDefect)
        1    0.000    0.000    0.000    0.000 abc.py:68(PathEntryFinder)
        1    0.000    0.000    0.000    0.000 model.py:178(UnknownIntegerType)
        1    0.000    0.000    0.000    0.000 warnings.py:207(_OptionError)
        2    0.000    0.000    0.000    0.000 {method 'copy' of 'list' objects}
        1    0.000    0.000    0.000    0.000 _header_value_parser.py:729(Value)
        1    0.000    0.000    0.000    0.000 _adapters.py:20(TraversableResourcesLoader)
        2    0.000    0.000    0.000    0.000 __init__.py:87(compose_two)
        1    0.000    0.000    0.000    0.000 errors.py:1(Error)
        1    0.000    0.000    0.000    0.000 model.py:143(Cursor)
        1    0.000    0.000    0.000    0.000 text_input.py:542(<genexpr>)
        1    0.000    0.000    0.000    0.000 c_ast.py:668(__init__)
        1    0.000    0.000    0.000    0.000 __init__.py:1296(PlaceHolder)
        1    0.000    0.000    0.000    0.000 c_ast.py:456(Continue)
        1    0.000    0.000    0.000    0.000 __init__.py:246(__init__)
        1    0.000    0.000    0.000    0.000 more.py:4501(countable)
        1    0.000    0.000    0.000    0.000 __init__.py:717(LZMADecompressor)
        1    0.000    0.000    0.000    0.000 recompiler.py:87(EnumExpr)
        1    0.000    0.000    0.000    0.000 c_ast.py:409(CompoundLiteral)
        1    0.000    0.000    0.000    0.000 c_ast.py:785(FuncDecl)
        1    0.000    0.000    0.000    0.000 c_ast.py:1178(TypeDecl)
        1    0.000    0.000    0.000    0.000 traceback.py:94(_Sentinel)
        1    0.000    0.000    0.000    0.000 {built-in method _sre.template}
        1    0.000    0.000    0.000    0.000 build_py.py:344(_Warning)
        1    0.000    0.000    0.000    0.000 _header_value_parser.py:863(HeaderLabel)
        1    0.000    0.000    0.000    0.000 _spdx.py:10(SPDXException)
        1    0.000    0.000    0.000    0.000 expand.py:389(__init__)
        1    0.000    0.000    0.000    0.000 c_ast.py:990(ParamList)
        1    0.000    0.000    0.000    0.000 <frozen codecs>:189(__init__)
        1    0.000    0.000    0.000    0.000 configparser.py:190(NoSectionError)
        1    0.000    0.000    0.000    0.000 parse.py:144(_ResultMixinBytes)
        1    0.000    0.000    0.000    0.000 tags.py:83(UnsortedTagsError)
        1    0.000    0.000    0.000    0.000 recompiler.py:111(TypenameExpr)
        1    0.000    0.000    0.000    0.000 c_ast.py:607(EmptyStatement)
        1    0.000    0.000    0.000    0.000 c_ast.py:725(For)
        1    0.000    0.000    0.000    0.000 c_ast.py:924(InitList)
        1    0.000    0.000    0.000    0.000 c_ast.py:1010(PtrDecl)
        1    0.000    0.000    0.000    0.000 _abc.py:48(UnsupportedOperation)
        1    0.000    0.000    0.000    0.000 _header_value_parser.py:857(ContentTransferEncoding)
        1    0.000    0.000    0.000    0.000 sysconfig.py:34(<lambda>)
        1    0.000    0.000    0.000    0.000 ipaddress.py:20(AddressValueError)
        1    0.000    0.000    0.000    0.000 error.py:70(ContentTooShortError)
        1    0.000    0.000    0.000    0.000 c_ast.py:810(FuncDef)
        1    0.000    0.000    0.000    0.000 c_ast.py:840(Goto)
        1    0.000    0.000    0.000    0.000 c_ast.py:965(NamedInitializer)
        1    0.000    0.000    0.000    0.000 c_ast.py:1031(Return)
        1    0.000    0.000    0.000    0.000 c_ast.py:1051(StaticAssert)
        1    0.000    0.000    0.000    0.000 c_ast.py:1076(Struct)
        1    0.000    0.000    0.000    0.000 c_ast.py:1097(StructRef)
        1    0.000    0.000    0.000    0.000 c_ast.py:1123(Switch)
        1    0.000    0.000    0.000    0.000 c_ast.py:1232(Typename)
        1    0.000    0.000    0.000    0.000 _local.py:472(PureWindowsPath)
        1    0.000    0.000    0.000    0.000 error.py:5(CDefError)
        1    0.000    0.000    0.000    0.000 {built-in method math.sqrt}
        1    0.000    0.000    0.000    0.000 _header_value_parser.py:844(ContentType)
        1    0.000    0.000    0.000    0.000 base.py:288(set_include_dirs)
        1    0.000    0.000    0.000    0.000 parser.py:122(BytesHeaderParser)
        1    0.000    0.000    0.000    0.000 c_ast.py:1280(Union)
        1    0.000    0.000    0.000    0.000 c_ast.py:1301(While)
        3    0.000    0.000    0.000    0.000 <frozen importlib._bootstrap_external>:1436(exec_module)
        1    0.000    0.000    0.000    0.000 requirements.py:24(InvalidRequirement)
        1    0.000    0.000    0.000    0.000 dist.py:1122(DistDeprecationWarning)
        1    0.000    0.000    0.000    0.000 c_ast.py:858(ID)
        1    0.000    0.000    0.000    0.000 c_ast.py:894(If)
        1    0.000    0.000    0.000    0.000 c_ast.py:1326(Pragma)
        1    0.000    0.000    0.000    0.000 _header_value_parser.py:851(ContentDisposition)
        1    0.000    0.000    0.000    0.000 _header_value_parser.py:868(MsgID)
        1    0.000    0.000    0.000    0.000 base.py:314(set_libraries)
        1    0.000    0.000    0.000    0.000 errors.py:116(InvalidDateDefect)
        1    0.000    0.000    0.000    0.000 socket.py:212(_GiveupOnSendfile)
        1    0.000    0.000    0.000    0.000 specifiers.py:134(__init__)
        1    0.000    0.000    0.000    0.000 model.py:192(UnknownFloatType)
        1    0.000    0.000    0.000    0.000 {method 'has_default' of 'typing.TypeVar' objects}
        1    0.000    0.000    0.000    0.000 configparser.py:199(DuplicateSectionError)
        1    0.000    0.000    0.000    0.000 configparser.py:293(InterpolationDepthError)
        1    0.000    0.000    0.000    0.000 errors.py:42(DistutilsGetoptError)
        1    0.000    0.000    0.000    0.000 scene.py:1(<module>)
        1    0.000    0.000    0.000    0.000 configparser.py:263(InterpolationError)
        1    0.000    0.000    0.000    0.000 ipaddress.py:24(NetmaskValueError)
        1    0.000    0.000    0.000    0.000 ipaddress.py:1131(_BaseConstants)
        1    0.000    0.000    0.000    0.000 model.py:204(BaseFunctionType)
        1    0.000    0.000    0.000    0.000 {built-in method _thread._get_main_thread_ident}
        1    0.000    0.000    0.000    0.000 {method 'index' of 'tuple' objects}
        1    0.000    0.000    0.000    0.000 _header_value_parser.py:229(Token)
        1    0.000    0.000    0.000    0.000 configparser.py:365(_UnnamedSection)
        1    0.000    0.000    0.000    0.000 _static.py:65(Tuple)
        1    0.000    0.000    0.000    0.000 errors.py:20(BoundaryError)
        1    0.000    0.000    0.000    0.000 __init__.py:323(suppress)
        1    0.000    0.000    0.000    0.000 discovery.py:509(_find_name_from_packages)
        1    0.000    0.000    0.000    0.000 _header_value_parser.py:567(ObsLocalPart)
        1    0.000    0.000    0.000    0.000 configparser.py:338(MissingSectionHeaderError)
        1    0.000    0.000    0.000    0.000 configparser.py:352(MultilineContinuationError)
        1    0.000    0.000    0.000    0.000 errors.py:33(InvalidConfigError)
        1    0.000    0.000    0.000    0.000 parse.py:331(SplitResult)
        1    0.000    0.000    0.000    0.000 model.py:285(NamedPointerType)
        1    0.000    0.000    0.000    0.000 _header_value_parser.py:210(UnstructuredTokenList)
        1    0.000    0.000    0.000    0.000 _header_value_parser.py:972(_InvalidEwError)
        1    0.000    0.000    0.000    0.000 extension.py:178(Library)
        1    0.000    0.000    0.000    0.000 _elffile.py:18(ELFInvalid)
        1    0.000    0.000    0.000    0.000 version.py:125(InvalidVersion)
        1    0.000    0.000    0.000    0.000 request.py:611(HTTPDefaultErrorHandler)
        1    0.000    0.000    0.000    0.000 abc.py:58(TraversalError)
        1    0.000    0.000    0.000    0.000 shutil.py:87(_GiveupOnFastCopy)
        1    0.000    0.000    0.000    0.000 {built-in method _abc.get_cache_token}
        1    0.000    0.000    0.000    0.000 _header_value_parser.py:673(MIMEVersion)
        1    0.000    0.000    0.000    0.000 _header_value_parser.py:723(Section)
        1    0.000    0.000    0.000    0.000 sysconfig.py:277(_customize_macos)
        1    0.000    0.000    0.000    0.000 configparser.py:225(DuplicateOptionError)
        1    0.000    0.000    0.000    0.000 configparser.py:273(InterpolationMissingOptionError)
        1    0.000    0.000    0.000    0.000 setupcfg.py:781(_DeprecatedConfig)
        1    0.000    0.000    0.000    0.000 dist.py:1340(get_classifiers)
        1    0.000    0.000    0.000    0.000 _parser.py:45(Op)
        1    0.000    0.000    0.000    0.000 __init__.py:43(LargeZipFile)
        1    0.000    0.000    0.000    0.000 shutil.py:67(Error)
        1    0.000    0.000    0.000    0.000 error.py:17(VerificationError)
        1    0.000    0.000    0.000    0.000 model.py:97(BasePrimitiveType)
        1    0.000    0.000    0.000    0.000 subprocess.py:129(SubprocessError)
        1    0.000    0.000    0.000    0.000 {built-in method atexit.register}
        1    0.000    0.000    0.000    0.000 _static.py:108(Dict)
        1    0.000    0.000    0.000    0.000 client.py:1515(UnknownProtocol)
        1    0.000    0.000    0.000    0.000 abc.py:190(FileLoader)
        1    0.000    0.000    0.000    0.000 __init__.py:133(create_module)
        1    0.000    0.000    0.000    0.000 shutil.py:70(SameFileError)
        1    0.000    0.000    0.000    0.000 _header_value_parser.py:524(DotAtomText)
        1    0.000    0.000    0.000    0.000 _header_value_parser.py:708(InvalidParameter)
        1    0.000    0.000    0.000    0.000 warnings.py:89(InformationOnly)
        1    0.000    0.000    0.000    0.000 client.py:1559(LineTooLong)
        1    0.000    0.000    0.000    0.000 parse.py:350(SplitResultBytes)
        1    0.000    0.000    0.000    0.000 parse.py:355(ParseResultBytes)
        1    0.000    0.000    0.000    0.000 errors.py:57(MisplacedEnvelopeHeaderDefect)
        1    0.000    0.000    0.000    0.000 discovery.py:263(FlatLayoutModuleFinder)
        1    0.000    0.000    0.000    0.000 specifiers.py:315(InvalidSpecifier)
        1    0.000    0.000    0.000    0.000 threading.py:1351(_MainThread)
        1    0.000    0.000    0.000    0.000 _header_value_parser.py:891(Header)
        1    0.000    0.000    0.000    0.000 base.py:343(set_runtime_library_dirs)
        1    0.000    0.000    0.000    0.000 configparser.py:285(InterpolationSyntaxError)
        1    0.000    0.000    0.000    0.000 pyprojecttoml.py:458(_ExperimentalConfiguration)
        1    0.000    0.000    0.000    0.000 client.py:1552(BadStatusLine)
        1    0.000    0.000    0.000    0.000 parse.py:342(DefragResultBytes)
        1    0.000    0.000    0.000    0.000 queue.py:36(ShutDown)
        1    0.000    0.000    0.000    0.000 more.py:3991(AbortThread)
        1    0.000    0.000    0.000    0.000 errors.py:5(PreprocessError)
        1    0.000    0.000    0.000    0.000 idle.py:1(<module>)
        1    0.000    0.000    0.000    0.000 warnings.py:212(_processoptions)
        1    0.000    0.000    0.000    0.000 headerregistry.py:271(UniqueUnstructuredHeader)
        1    0.000    0.000    0.000    0.000 parse.py:336(ParseResult)
        1    0.000    0.000    0.000    0.000 errors.py:12(MessageParseError)
        2    0.000    0.000    0.000    0.000 dist.py:403(<genexpr>)
        1    0.000    0.000    0.000    0.000 request.py:869(HTTPPasswordMgrWithDefaultRealm)
        1    0.000    0.000    0.000    0.000 warnings.py:99(SetuptoolsDeprecationWarning)
        1    0.000    0.000    0.000    0.000 client.py:1564(RemoteDisconnected)
        1    0.000    0.000    0.000    0.000 client.py:1504(HTTPException)
        1    0.000    0.000    0.000    0.000 __init__.py:341(first_invoke)
        1    0.000    0.000    0.000    0.000 _header_value_parser.py:529(NoFoldLiteral)
        1    0.000    0.000    0.000    0.000 _header_value_parser.py:214(Phrase)
        1    0.000    0.000    0.000    0.000 _header_value_parser.py:217(Word)
        1    0.000    0.000    0.000    0.000 headerregistry.py:322(UniqueDateHeader)
        1    0.000    0.000    0.000    0.000 markers.py:62(UndefinedComparison)
        1    0.000    0.000    0.000    0.000 ext_workspace.py:257(_welpy_extws_mgr_commit)
        1    0.000    0.000    0.000    0.000 threading.py:838(BrokenBarrierError)
        1    0.000    0.000    0.000    0.000 _header_value_parser.py:221(CFWSList)
        1    0.000    0.000    0.000    0.000 _header_value_parser.py:520(DotAtom)
        1    0.000    0.000    0.000    0.000 errors.py:37(RemovedConfigError)
        1    0.000    0.000    0.000    0.000 _static.py:61(Str)
        1    0.000    0.000    0.000    0.000 _static.py:69(List)
        1    0.000    0.000    0.000    0.000 _static.py:145(SpecifierSet)
        1    0.000    0.000    0.000    0.000 client.py:1540(ImproperConnectionState)
        1    0.000    0.000    0.000    0.000 client.py:1549(ResponseNotReady)
        1    0.000    0.000    0.000    0.000 errors.py:13(LibError)
        1    0.000    0.000    0.000    0.000 error.py:22(VerificationMissing)
        3    0.000    0.000    0.000    0.000 <frozen importlib._bootstrap>:1014(is_package)
        1    0.000    0.000    0.000    0.000 _header_value_parser.py:225(Atom)
        1    0.000    0.000    0.000    0.000 client.py:1509(NotConnected)
        1    0.000    0.000    0.000    0.000 client.py:1512(InvalidURL)
        1    0.000    0.000    0.000    0.000 client.py:1520(UnknownTransferEncoding)
        1    0.000    0.000    0.000    0.000 errors.py:16(HeaderParseError)
        1    0.000    0.000    0.000    0.000 errors.py:45(NoBoundaryInMultipartDefect)
        1    0.000    0.000    0.000    0.000 utils.py:45(InvalidWheelFilename)
        1    0.000    0.000    0.000    0.000 errors.py:9(CompileError)
        1    0.000    0.000    0.000    0.000 shutil.py:77(ExecError)
        1    0.000    0.000    0.000    0.000 model.py:482(StructType)
        1    0.000    0.000    0.000    0.000 error.py:28(PkgConfigError)
        1    0.000    0.000    0.000    0.000 build_py.py:239(get_data_files)
        1    0.000    0.000    0.000    0.000 configparser.py:1224(converters)
        1    0.000    0.000    0.000    0.000 bdist.py:21(deprecated)
        1    0.000    0.000    0.000    0.000 headerregistry.py:382(UniqueAddressHeader)
        1    0.000    0.000    0.000    0.000 headerregistry.py:397(UniqueSingleAddressHeader)
        1    0.000    0.000    0.000    0.000 client.py:1543(CannotSendRequest)
        1    0.000    0.000    0.000    0.000 client.py:1546(CannotSendHeader)
        1    0.000    0.000    0.000    0.000 errors.py:32(HeaderWriteError)
        1    0.000    0.000    0.000    0.000 errors.py:80(InvalidBase64LengthDefect)
        1    0.000    0.000    0.000    0.000 errors.py:91(InvalidHeaderDefect)
        1    0.000    0.000    0.000    0.000 errors.py:107(DistutilsByteCompileError)
        1    0.000    0.000    0.000    0.000 errors.py:18(LinkError)
        1    0.000    0.000    0.000    0.000 __init__.py:25(clear_distutils)
        2    0.000    0.000    0.000    0.000 __init__.py:109(_get_implementation)
        1    0.000    0.000    0.000    0.000 shutil.py:73(SpecialFileError)
        1    0.000    0.000    0.000    0.000 shutil.py:80(ReadError)
        1    0.000    0.000    0.000    0.000 model.py:486(UnionType)
        1    0.000    0.000    0.000    0.000 base.py:330(set_library_dirs)
        1    0.000    0.000    0.000    0.000 _adapters.py:25(__init__)
        1    0.000    0.000    0.000    0.000 _adapters.py:141(__init__)
        1    0.000    0.000    0.000    0.000 errors.py:51(PackageDiscoveryError)
        1    0.000    0.000    0.000    0.000 client.py:1523(UnimplementedFileMode)
        1    0.000    0.000    0.000    0.000 errors.py:24(MultipartConversionError)
        1    0.000    0.000    0.000    0.000 errors.py:28(CharsetError)
        1    0.000    0.000    0.000    0.000 errors.py:94(HeaderMissingRequiredValue)
        1    0.000    0.000    0.000    0.000 errors.py:108(ObsoleteHeaderDefect)
        1    0.000    0.000    0.000    0.000 markers.py:71(UndefinedEnvironmentName)
        1    0.000    0.000    0.000    0.000 errors.py:20(DistutilsError)
        1    0.000    0.000    0.000    0.000 errors.py:26(DistutilsModuleError)
        1    0.000    0.000    0.000    0.000 errors.py:81(DistutilsPlatformError)
        1    0.000    0.000    0.000    0.000 errors.py:63(DistutilsOptionError)
        1    0.000    0.000    0.000    0.000 errors.py:55(DistutilsFileError)
        1    0.000    0.000    0.000    0.000 errors.py:48(DistutilsArgError)
        1    0.000    0.000    0.000    0.000 errors.py:96(DistutilsInternalError)
        1    0.000    0.000    0.000    0.000 errors.py:103(DistutilsTemplateError)
        1    0.000    0.000    0.000    0.000 errors.py:23(UnknownFileType)
        1    0.000    0.000    0.000    0.000 shutil.py:83(RegistryError)
        1    0.000    0.000    0.000    0.000 _header_value_parser.py:877(MessageID)
        1    0.000    0.000    0.000    0.000 _header_value_parser.py:881(InvalidMessageID)
        1    0.000    0.000    0.000    0.000 sysconfig.py:33(deprecated)
        1    0.000    0.000    0.000    0.000 pyprojecttoml.py:465(_ToolsTypoInMetadata)
        1    0.000    0.000    0.000    0.000 errors.py:48(StartBoundaryNotFoundDefect)
        1    0.000    0.000    0.000    0.000 errors.py:51(CloseBoundaryNotFoundDefect)
        1    0.000    0.000    0.000    0.000 errors.py:54(FirstHeaderLineIsContinuationDefect)
        1    0.000    0.000    0.000    0.000 errors.py:65(MultipartInvariantViolationDefect)
        1    0.000    0.000    0.000    0.000 errors.py:74(InvalidBase64PaddingDefect)
        1    0.000    0.000    0.000    0.000 errors.py:77(InvalidBase64CharactersDefect)
        1    0.000    0.000    0.000    0.000 errors.py:111(NonASCIILocalPartDefect)
        1    0.000    0.000    0.000    0.000 utils.py:51(InvalidSdistFilename)
        1    0.000    0.000    0.000    0.000 specifiers.py:175(__init__)
        1    0.000    0.000    0.000    0.000 errors.py:74(DistutilsSetupError)
        1    0.000    0.000    0.000    0.000 errors.py:89(DistutilsExecError)
        1    0.000    0.000    0.000    0.000 expand.py:402(__exit__)
        1    0.000    0.000    0.000    0.000 errors.py:60(MissingHeaderBodySeparatorDefect)
        1    0.000    0.000    0.000    0.000 errors.py:68(InvalidMultipartContentTransferEncodingDefect)
        1    0.000    0.000    0.000    0.000 errors.py:71(UndecodableBytesDefect)
        1    0.000    0.000    0.000    0.000 py39.py:24(<lambda>)
        1    0.000    0.000    0.000    0.000 _functools.py:83(<lambda>)
        1    0.000    0.000    0.000    0.000 recompiler.py:183(<lambda>)
        1    0.000    0.000    0.000    0.000 bdist.py:22(<lambda>)
        1    0.000    0.000    0.000    0.000 version.py:1054(_parse_local_version)
        1    0.000    0.000    0.000    0.000 __init__.py:108(<lambda>)
        1    0.000    0.000    0.000    0.000 expand.py:399(__enter__)
        1    0.000    0.000    0.000    0.000 dist.py:289(<lambda>)
        1    0.000    0.000    0.000    0.000 dist.py:293(<lambda>)
        1    0.000    0.000    0.000    0.000 __init__.py:137(exec_module)
        1    0.000    0.000    0.000    0.000 dist.py:292(<lambda>)
        1    0.000    0.000    0.000    0.000 dist.py:294(<lambda>)


